{
  "dataset_revision": "0228b52cf27578f30900b9e5271d331663a030d7",
  "evaluation_time": 532.9871006011963,
  "kg_co2_emissions": null,
  "mteb_version": "1.14.10",
  "scores": {
    "test": [
      {
        "hf_subset": "default",
        "languages": [
          "eng-Latn"
        ],
        "main_score": 0.63439,
        "map_at_1": 0.47344,
        "map_at_10": 0.58478,
        "map_at_100": 0.59149,
        "map_at_1000": 0.59191,
        "map_at_20": 0.58885,
        "map_at_3": 0.55612,
        "map_at_5": 0.57497,
        "mrr_at_1": 0.49666666666666665,
        "mrr_at_10": 0.5953068783068783,
        "mrr_at_100": 0.6011911065093443,
        "mrr_at_1000": 0.6015556584024341,
        "mrr_at_20": 0.598997229278576,
        "mrr_at_3": 0.575,
        "mrr_at_5": 0.5883333333333334,
        "nauc_map_at_1000_diff1": 0.6693695153149606,
        "nauc_map_at_1000_max": 0.40443185771447526,
        "nauc_map_at_1000_std": -0.0009774320961382895,
        "nauc_map_at_100_diff1": 0.6694021941875592,
        "nauc_map_at_100_max": 0.4049402932686651,
        "nauc_map_at_100_std": -0.000195261849270944,
        "nauc_map_at_10_diff1": 0.6667455939798702,
        "nauc_map_at_10_max": 0.40224745040787657,
        "nauc_map_at_10_std": -0.0024020952869794514,
        "nauc_map_at_1_diff1": 0.7120542462423484,
        "nauc_map_at_1_max": 0.34557351184630597,
        "nauc_map_at_1_std": -0.10168779484483485,
        "nauc_map_at_20_diff1": 0.6675455685440078,
        "nauc_map_at_20_max": 0.40517007017679507,
        "nauc_map_at_20_std": -0.0016957587666210497,
        "nauc_map_at_3_diff1": 0.6690826943069315,
        "nauc_map_at_3_max": 0.37759248313309385,
        "nauc_map_at_3_std": -0.051703638620401796,
        "nauc_map_at_5_diff1": 0.664296986034686,
        "nauc_map_at_5_max": 0.39664183151502963,
        "nauc_map_at_5_std": -0.011447536103851342,
        "nauc_mrr_at_1000_diff1": 0.671285996427382,
        "nauc_mrr_at_1000_max": 0.4055120468871498,
        "nauc_mrr_at_1000_std": 0.03049983749585049,
        "nauc_mrr_at_100_diff1": 0.6712748194910928,
        "nauc_mrr_at_100_max": 0.40595260977381575,
        "nauc_mrr_at_100_std": 0.031090064558076815,
        "nauc_mrr_at_10_diff1": 0.6685821510497857,
        "nauc_mrr_at_10_max": 0.40315659957402505,
        "nauc_mrr_at_10_std": 0.03232745945801875,
        "nauc_mrr_at_1_diff1": 0.7143376823874398,
        "nauc_mrr_at_1_max": 0.36296043262810945,
        "nauc_mrr_at_1_std": -0.041696796546782926,
        "nauc_mrr_at_20_diff1": 0.6694417623626365,
        "nauc_mrr_at_20_max": 0.4060614367551239,
        "nauc_mrr_at_20_std": 0.030357772907529185,
        "nauc_mrr_at_3_diff1": 0.6742730379714815,
        "nauc_mrr_at_3_max": 0.3969362388154196,
        "nauc_mrr_at_3_std": 0.00857073158394116,
        "nauc_mrr_at_5_diff1": 0.6675846133846606,
        "nauc_mrr_at_5_max": 0.40448959394800904,
        "nauc_mrr_at_5_std": 0.03367124172317338,
        "nauc_ndcg_at_1000_diff1": 0.6632547997108796,
        "nauc_ndcg_at_1000_max": 0.4178816032703694,
        "nauc_ndcg_at_1000_std": 0.03720284426717458,
        "nauc_ndcg_at_100_diff1": 0.6622985631638713,
        "nauc_ndcg_at_100_max": 0.4306452769997675,
        "nauc_ndcg_at_100_std": 0.05571582700291319,
        "nauc_ndcg_at_10_diff1": 0.6494797141986255,
        "nauc_ndcg_at_10_max": 0.41895103457054766,
        "nauc_ndcg_at_10_std": 0.04703066782375948,
        "nauc_ndcg_at_1_diff1": 0.7143376823874398,
        "nauc_ndcg_at_1_max": 0.36296043262810945,
        "nauc_ndcg_at_1_std": -0.041696796546782926,
        "nauc_ndcg_at_20_diff1": 0.6523082457149015,
        "nauc_ndcg_at_20_max": 0.430835312012841,
        "nauc_ndcg_at_20_std": 0.046666599666212887,
        "nauc_ndcg_at_3_diff1": 0.6572232240766894,
        "nauc_ndcg_at_3_max": 0.3933465003936043,
        "nauc_ndcg_at_3_std": -0.016266224419604798,
        "nauc_ndcg_at_5_diff1": 0.6459969262638587,
        "nauc_ndcg_at_5_max": 0.41424113199418294,
        "nauc_ndcg_at_5_std": 0.03664981325801673,
        "nauc_precision_at_1000_diff1": -0.13737244130796428,
        "nauc_precision_at_1000_max": 0.14056015557649568,
        "nauc_precision_at_1000_std": 0.5081296738106227,
        "nauc_precision_at_100_diff1": 0.06919858552408258,
        "nauc_precision_at_100_max": 0.31209878348803083,
        "nauc_precision_at_100_std": 0.5349727603696026,
        "nauc_precision_at_10_diff1": 0.2675767230965841,
        "nauc_precision_at_10_max": 0.38308152868472106,
        "nauc_precision_at_10_std": 0.38561124630171034,
        "nauc_precision_at_1_diff1": 0.7143376823874398,
        "nauc_precision_at_1_max": 0.36296043262810945,
        "nauc_precision_at_1_std": -0.041696796546782926,
        "nauc_precision_at_20_diff1": 0.19883848511217828,
        "nauc_precision_at_20_max": 0.399847716696303,
        "nauc_precision_at_20_std": 0.4329385948318259,
        "nauc_precision_at_3_diff1": 0.4883432574761088,
        "nauc_precision_at_3_max": 0.4031606391053657,
        "nauc_precision_at_3_std": 0.17123742981203063,
        "nauc_precision_at_5_diff1": 0.3566003975247108,
        "nauc_precision_at_5_max": 0.4213491501895228,
        "nauc_precision_at_5_std": 0.33976644296512004,
        "nauc_recall_at_1000_diff1": 0.7117180205415388,
        "nauc_recall_at_1000_max": 0.07936507936508372,
        "nauc_recall_at_1000_std": 0.554154995331476,
        "nauc_recall_at_100_diff1": 0.6311229620053144,
        "nauc_recall_at_100_max": 0.6739477842419003,
        "nauc_recall_at_100_std": 0.48578790490555046,
        "nauc_recall_at_10_diff1": 0.5679605422050477,
        "nauc_recall_at_10_max": 0.47358033450066456,
        "nauc_recall_at_10_std": 0.20037435092380207,
        "nauc_recall_at_1_diff1": 0.7120542462423484,
        "nauc_recall_at_1_max": 0.34557351184630597,
        "nauc_recall_at_1_std": -0.10168779484483485,
        "nauc_recall_at_20_diff1": 0.5648468883641256,
        "nauc_recall_at_20_max": 0.55758901151723,
        "nauc_recall_at_20_std": 0.22273098359967886,
        "nauc_recall_at_3_diff1": 0.6063289356290769,
        "nauc_recall_at_3_max": 0.39143056703003415,
        "nauc_recall_at_3_std": -0.005215552750184318,
        "nauc_recall_at_5_diff1": 0.5623942044961431,
        "nauc_recall_at_5_max": 0.45286263878209343,
        "nauc_recall_at_5_std": 0.15313526904429442,
        "ndcg_at_1": 0.49667,
        "ndcg_at_10": 0.63439,
        "ndcg_at_100": 0.66535,
        "ndcg_at_1000": 0.67572,
        "ndcg_at_20": 0.64859,
        "ndcg_at_3": 0.58756,
        "ndcg_at_5": 0.61462,
        "precision_at_1": 0.49667,
        "precision_at_10": 0.08733,
        "precision_at_100": 0.0104,
        "precision_at_1000": 0.00112,
        "precision_at_20": 0.04683,
        "precision_at_3": 0.23667,
        "precision_at_5": 0.15933,
        "recall_at_1": 0.47344,
        "recall_at_10": 0.77333,
        "recall_at_100": 0.91333,
        "recall_at_1000": 0.99333,
        "recall_at_20": 0.82733,
        "recall_at_3": 0.65161,
        "recall_at_5": 0.71728
      }
    ]
  },
  "task_name": "SciFact"
}