{
  "dataset_revision": "ec0fa4fe99da2ff19ca1214b7966684033a58814",
  "evaluation_time": 313.37845516204834,
  "kg_co2_emissions": null,
  "mteb_version": "1.14.9",
  "scores": {
    "test": [
      {
        "hf_subset": "default",
        "languages": [
          "eng-Latn"
        ],
        "main_score": 0.2059,
        "map_at_1": 0.02612,
        "map_at_10": 0.06347,
        "map_at_100": 0.08438,
        "map_at_1000": 0.0962,
        "map_at_20": 0.07208,
        "map_at_3": 0.044,
        "map_at_5": 0.05322,
        "mrr_at_1": 0.28173374613003094,
        "mrr_at_10": 0.3760565629760676,
        "mrr_at_100": 0.38339686918329324,
        "mrr_at_1000": 0.3840784655144953,
        "mrr_at_20": 0.37969561954264197,
        "mrr_at_3": 0.3519091847265222,
        "mrr_at_5": 0.3633642930856553,
        "nauc_map_at_1000_diff1": 0.1424269820095228,
        "nauc_map_at_1000_max": 0.37665855921490166,
        "nauc_map_at_1000_std": 0.2560454652169326,
        "nauc_map_at_100_diff1": 0.14593268315810984,
        "nauc_map_at_100_max": 0.35432010482673265,
        "nauc_map_at_100_std": 0.21831552856885494,
        "nauc_map_at_10_diff1": 0.16997451859495313,
        "nauc_map_at_10_max": 0.29824911101365315,
        "nauc_map_at_10_std": 0.12125484721695458,
        "nauc_map_at_1_diff1": 0.39463174928662104,
        "nauc_map_at_1_max": 0.2326746398983839,
        "nauc_map_at_1_std": -0.01220393115439008,
        "nauc_map_at_20_diff1": 0.15941830463876822,
        "nauc_map_at_20_max": 0.3291068039931932,
        "nauc_map_at_20_std": 0.16670333125428524,
        "nauc_map_at_3_diff1": 0.26452472317553577,
        "nauc_map_at_3_max": 0.2404003248056675,
        "nauc_map_at_3_std": 0.02329621008070596,
        "nauc_map_at_5_diff1": 0.2134986378792739,
        "nauc_map_at_5_max": 0.25813804646364014,
        "nauc_map_at_5_std": 0.07427962935696474,
        "nauc_mrr_at_1000_diff1": 0.24485738410966382,
        "nauc_mrr_at_1000_max": 0.40044752516626575,
        "nauc_mrr_at_1000_std": 0.20674732843226118,
        "nauc_mrr_at_100_diff1": 0.2448592550824382,
        "nauc_mrr_at_100_max": 0.40085396238395987,
        "nauc_mrr_at_100_std": 0.2073911502545581,
        "nauc_mrr_at_10_diff1": 0.24454078739767593,
        "nauc_mrr_at_10_max": 0.3945899201441116,
        "nauc_mrr_at_10_std": 0.19931335216490637,
        "nauc_mrr_at_1_diff1": 0.28908446281082883,
        "nauc_mrr_at_1_max": 0.37805868374156176,
        "nauc_mrr_at_1_std": 0.1733224851123935,
        "nauc_mrr_at_20_diff1": 0.2431808376808882,
        "nauc_mrr_at_20_max": 0.3987068228841173,
        "nauc_mrr_at_20_std": 0.2037507885252304,
        "nauc_mrr_at_3_diff1": 0.24551097790772425,
        "nauc_mrr_at_3_max": 0.3802015719738369,
        "nauc_mrr_at_3_std": 0.19585971925084075,
        "nauc_mrr_at_5_diff1": 0.24130099404249739,
        "nauc_mrr_at_5_max": 0.39113925280706985,
        "nauc_mrr_at_5_std": 0.19895732506495026,
        "nauc_ndcg_at_1000_diff1": 0.18134039389105078,
        "nauc_ndcg_at_1000_max": 0.5226789756990995,
        "nauc_ndcg_at_1000_std": 0.3975587464050923,
        "nauc_ndcg_at_100_diff1": 0.16222827675441892,
        "nauc_ndcg_at_100_max": 0.4335248162535193,
        "nauc_ndcg_at_100_std": 0.3034906407411437,
        "nauc_ndcg_at_10_diff1": 0.13747195582565733,
        "nauc_ndcg_at_10_max": 0.4135713174542042,
        "nauc_ndcg_at_10_std": 0.27342638301148514,
        "nauc_ndcg_at_1_diff1": 0.30149350601595015,
        "nauc_ndcg_at_1_max": 0.37896536408213677,
        "nauc_ndcg_at_1_std": 0.17085668940904464,
        "nauc_ndcg_at_20_diff1": 0.14467825127513328,
        "nauc_ndcg_at_20_max": 0.4100373239828231,
        "nauc_ndcg_at_20_std": 0.27149885979112703,
        "nauc_ndcg_at_3_diff1": 0.18452357489288984,
        "nauc_ndcg_at_3_max": 0.3759047803729756,
        "nauc_ndcg_at_3_std": 0.20552369608815615,
        "nauc_ndcg_at_5_diff1": 0.16006311586757807,
        "nauc_ndcg_at_5_max": 0.4018456920662456,
        "nauc_ndcg_at_5_std": 0.2531092298115722,
        "nauc_precision_at_1000_diff1": 0.003317894707699995,
        "nauc_precision_at_1000_max": 0.16379597963498754,
        "nauc_precision_at_1000_std": 0.23720459618508608,
        "nauc_precision_at_100_diff1": 0.005268028978819207,
        "nauc_precision_at_100_max": 0.307023904101477,
        "nauc_precision_at_100_std": 0.39685445199710484,
        "nauc_precision_at_10_diff1": 0.012185396298598635,
        "nauc_precision_at_10_max": 0.42661484826674506,
        "nauc_precision_at_10_std": 0.3757217911877778,
        "nauc_precision_at_1_diff1": 0.28908446281082883,
        "nauc_precision_at_1_max": 0.37805868374156176,
        "nauc_precision_at_1_std": 0.1733224851123935,
        "nauc_precision_at_20_diff1": 0.01602432458881161,
        "nauc_precision_at_20_max": 0.4049787879486167,
        "nauc_precision_at_20_std": 0.39759617187768787,
        "nauc_precision_at_3_diff1": 0.10729485053919198,
        "nauc_precision_at_3_max": 0.38033865942243844,
        "nauc_precision_at_3_std": 0.24433270318102043,
        "nauc_precision_at_5_diff1": 0.06416734967179599,
        "nauc_precision_at_5_max": 0.41874144646261996,
        "nauc_precision_at_5_std": 0.3235580526492802,
        "nauc_recall_at_1000_diff1": 0.13211994727244863,
        "nauc_recall_at_1000_max": 0.3783718148221686,
        "nauc_recall_at_1000_std": 0.3199745350052523,
        "nauc_recall_at_100_diff1": 0.09204873252621322,
        "nauc_recall_at_100_max": 0.30213549936275264,
        "nauc_recall_at_100_std": 0.23470377632820674,
        "nauc_recall_at_10_diff1": 0.07569013633708713,
        "nauc_recall_at_10_max": 0.22047121613094092,
        "nauc_recall_at_10_std": 0.08688642677025674,
        "nauc_recall_at_1_diff1": 0.39463174928662104,
        "nauc_recall_at_1_max": 0.2326746398983839,
        "nauc_recall_at_1_std": -0.01220393115439008,
        "nauc_recall_at_20_diff1": 0.06316597868139237,
        "nauc_recall_at_20_max": 0.24016133001592088,
        "nauc_recall_at_20_std": 0.1225200137145946,
        "nauc_recall_at_3_diff1": 0.20385309938261126,
        "nauc_recall_at_3_max": 0.19022158787680088,
        "nauc_recall_at_3_std": 0.005876011360640451,
        "nauc_recall_at_5_diff1": 0.13764921343807587,
        "nauc_recall_at_5_max": 0.1978896196441067,
        "nauc_recall_at_5_std": 0.05339712442136032,
        "ndcg_at_1": 0.26935,
        "ndcg_at_10": 0.2059,
        "ndcg_at_100": 0.20388,
        "ndcg_at_1000": 0.2983,
        "ndcg_at_20": 0.19532,
        "ndcg_at_3": 0.23879,
        "ndcg_at_5": 0.22317,
        "precision_at_1": 0.28173,
        "precision_at_10": 0.15542,
        "precision_at_100": 0.05625,
        "precision_at_1000": 0.01843,
        "precision_at_20": 0.1178,
        "precision_at_3": 0.22807,
        "precision_at_5": 0.19628,
        "recall_at_1": 0.02612,
        "recall_at_10": 0.10172,
        "recall_at_100": 0.22686,
        "recall_at_1000": 0.55634,
        "recall_at_20": 0.13324,
        "recall_at_3": 0.05502,
        "recall_at_5": 0.07338
      }
    ]
  },
  "task_name": "NFCorpus"
}