{
  "dataset_revision": "0228b52cf27578f30900b9e5271d331663a030d7",
  "evaluation_time": 5.328860759735107,
  "kg_co2_emissions": null,
  "mteb_version": "1.14.10",
  "scores": {
    "test": [
      {
        "hf_subset": "default",
        "languages": [
          "eng-Latn"
        ],
        "main_score": 0.60156,
        "map_at_1": 0.43122,
        "map_at_10": 0.54511,
        "map_at_100": 0.55093,
        "map_at_1000": 0.55136,
        "map_at_20": 0.54801,
        "map_at_3": 0.50869,
        "map_at_5": 0.52871,
        "mrr_at_1": 0.45,
        "mrr_at_10": 0.5556507936507935,
        "mrr_at_100": 0.5597147960185823,
        "mrr_at_1000": 0.5601265644834167,
        "mrr_at_20": 0.5574499065749065,
        "mrr_at_3": 0.5272222222222221,
        "mrr_at_5": 0.5428888888888889,
        "nauc_map_at_1000_diff1": 0.5726686549911731,
        "nauc_map_at_1000_max": 0.41500293770788926,
        "nauc_map_at_1000_std": 0.062293449191770114,
        "nauc_map_at_100_diff1": 0.57227859994002,
        "nauc_map_at_100_max": 0.41485589346227036,
        "nauc_map_at_100_std": 0.06265575169869553,
        "nauc_map_at_10_diff1": 0.57082751288287,
        "nauc_map_at_10_max": 0.4130390972812736,
        "nauc_map_at_10_std": 0.05909389021171815,
        "nauc_map_at_1_diff1": 0.6274261463690225,
        "nauc_map_at_1_max": 0.34300218712598285,
        "nauc_map_at_1_std": -0.03695186139904067,
        "nauc_map_at_20_diff1": 0.5719801275079279,
        "nauc_map_at_20_max": 0.4162844577647662,
        "nauc_map_at_20_std": 0.06133867382973442,
        "nauc_map_at_3_diff1": 0.5835234221985117,
        "nauc_map_at_3_max": 0.40102461441987153,
        "nauc_map_at_3_std": 0.01885970147628378,
        "nauc_map_at_5_diff1": 0.5739017270531125,
        "nauc_map_at_5_max": 0.4159621842818688,
        "nauc_map_at_5_std": 0.04994680011245604,
        "nauc_mrr_at_1000_diff1": 0.5815994684741765,
        "nauc_mrr_at_1000_max": 0.42872736566041036,
        "nauc_mrr_at_1000_std": 0.08080424967458895,
        "nauc_mrr_at_100_diff1": 0.5811925106058392,
        "nauc_mrr_at_100_max": 0.42854070587361887,
        "nauc_mrr_at_100_std": 0.08110563957608999,
        "nauc_mrr_at_10_diff1": 0.5809575301955227,
        "nauc_mrr_at_10_max": 0.42808563474115663,
        "nauc_mrr_at_10_std": 0.08122908598418989,
        "nauc_mrr_at_1_diff1": 0.6353521464894475,
        "nauc_mrr_at_1_max": 0.3781400728955234,
        "nauc_mrr_at_1_std": -0.0018813156114277044,
        "nauc_mrr_at_20_diff1": 0.5810489156155642,
        "nauc_mrr_at_20_max": 0.43000167626872143,
        "nauc_mrr_at_20_std": 0.08126265335823123,
        "nauc_mrr_at_3_diff1": 0.5894552162290111,
        "nauc_mrr_at_3_max": 0.4343104248400817,
        "nauc_mrr_at_3_std": 0.06727496177426512,
        "nauc_mrr_at_5_diff1": 0.5826575488705341,
        "nauc_mrr_at_5_max": 0.4371035200064872,
        "nauc_mrr_at_5_std": 0.08290592001236131,
        "nauc_ndcg_at_1000_diff1": 0.5602643678633555,
        "nauc_ndcg_at_1000_max": 0.43228247421882404,
        "nauc_ndcg_at_1000_std": 0.10013655334842572,
        "nauc_ndcg_at_100_diff1": 0.550529253141927,
        "nauc_ndcg_at_100_max": 0.4317339953289026,
        "nauc_ndcg_at_100_std": 0.11262729050727754,
        "nauc_ndcg_at_10_diff1": 0.5478518456602225,
        "nauc_ndcg_at_10_max": 0.4299141762488699,
        "nauc_ndcg_at_10_std": 0.0995214157655476,
        "nauc_ndcg_at_1_diff1": 0.6353521464894475,
        "nauc_ndcg_at_1_max": 0.3781400728955234,
        "nauc_ndcg_at_1_std": -0.0018813156114277044,
        "nauc_ndcg_at_20_diff1": 0.5512941716945167,
        "nauc_ndcg_at_20_max": 0.4424552297960978,
        "nauc_ndcg_at_20_std": 0.10654804723393968,
        "nauc_ndcg_at_3_diff1": 0.5710759478564179,
        "nauc_ndcg_at_3_max": 0.42860160836457606,
        "nauc_ndcg_at_3_std": 0.05009957480062043,
        "nauc_ndcg_at_5_diff1": 0.5560626542842069,
        "nauc_ndcg_at_5_max": 0.44599286655262915,
        "nauc_ndcg_at_5_std": 0.09145711097875188,
        "nauc_precision_at_1000_diff1": -0.0974542332263245,
        "nauc_precision_at_1000_max": 0.23614822219231962,
        "nauc_precision_at_1000_std": 0.5027585013744449,
        "nauc_precision_at_100_diff1": 0.0308031323295757,
        "nauc_precision_at_100_max": 0.30494344404933005,
        "nauc_precision_at_100_std": 0.4896960354089432,
        "nauc_precision_at_10_diff1": 0.19274438119648285,
        "nauc_precision_at_10_max": 0.4085520800874252,
        "nauc_precision_at_10_std": 0.3917121276623752,
        "nauc_precision_at_1_diff1": 0.6353521464894475,
        "nauc_precision_at_1_max": 0.3781400728955234,
        "nauc_precision_at_1_std": -0.0018813156114277044,
        "nauc_precision_at_20_diff1": 0.1592820875539946,
        "nauc_precision_at_20_max": 0.420777864787262,
        "nauc_precision_at_20_std": 0.41832335531024484,
        "nauc_precision_at_3_diff1": 0.44550551038529096,
        "nauc_precision_at_3_max": 0.472478541706565,
        "nauc_precision_at_3_std": 0.1828873374305756,
        "nauc_precision_at_5_diff1": 0.3241612388900192,
        "nauc_precision_at_5_max": 0.49657795644209124,
        "nauc_precision_at_5_std": 0.33052191464821173,
        "nauc_recall_at_1000_diff1": 0.2485527544351046,
        "nauc_recall_at_1000_max": 0.516433239962653,
        "nauc_recall_at_1000_std": 0.5883286647992552,
        "nauc_recall_at_100_diff1": 0.3361473359989824,
        "nauc_recall_at_100_max": 0.45764160673665194,
        "nauc_recall_at_100_std": 0.43266174039589184,
        "nauc_recall_at_10_diff1": 0.4226944893611561,
        "nauc_recall_at_10_max": 0.4580917914251257,
        "nauc_recall_at_10_std": 0.2195902862569539,
        "nauc_recall_at_1_diff1": 0.6274261463690225,
        "nauc_recall_at_1_max": 0.34300218712598285,
        "nauc_recall_at_1_std": -0.03695186139904067,
        "nauc_recall_at_20_diff1": 0.43422880354286564,
        "nauc_recall_at_20_max": 0.5343617925404512,
        "nauc_recall_at_20_std": 0.26526373411406107,
        "nauc_recall_at_3_diff1": 0.5302809038571401,
        "nauc_recall_at_3_max": 0.4641721738992334,
        "nauc_recall_at_3_std": 0.07519489623230237,
        "nauc_recall_at_5_diff1": 0.482451743000973,
        "nauc_recall_at_5_max": 0.5129344786673669,
        "nauc_recall_at_5_std": 0.1820934649077093,
        "ndcg_at_1": 0.45,
        "ndcg_at_10": 0.60156,
        "ndcg_at_100": 0.62822,
        "ndcg_at_1000": 0.64015,
        "ndcg_at_20": 0.61029,
        "ndcg_at_3": 0.53679,
        "ndcg_at_5": 0.5669,
        "precision_at_1": 0.45,
        "precision_at_10": 0.08633,
        "precision_at_100": 0.01017,
        "precision_at_1000": 0.00111,
        "precision_at_20": 0.0455,
        "precision_at_3": 0.21556,
        "precision_at_5": 0.148,
        "recall_at_1": 0.43122,
        "recall_at_10": 0.765,
        "recall_at_100": 0.88833,
        "recall_at_1000": 0.98333,
        "recall_at_20": 0.79633,
        "recall_at_3": 0.59061,
        "recall_at_5": 0.66339
      }
    ]
  },
  "task_name": "SciFact"
}