{
  "dataset_revision": "ec0fa4fe99da2ff19ca1214b7966684033a58814",
  "evaluation_time": 260.4311981201172,
  "kg_co2_emissions": null,
  "mteb_version": "1.14.9",
  "scores": {
    "test": [
      {
        "hf_subset": "default",
        "languages": [
          "eng-Latn"
        ],
        "main_score": 0.3018,
        "map_at_1": 0.04491,
        "map_at_10": 0.10574,
        "map_at_100": 0.13589,
        "map_at_1000": 0.14935,
        "map_at_20": 0.11805,
        "map_at_3": 0.07561,
        "map_at_5": 0.08923,
        "mrr_at_1": 0.4086687306501548,
        "mrr_at_10": 0.497374563860632,
        "mrr_at_100": 0.5028715909314085,
        "mrr_at_1000": 0.5033217403279518,
        "mrr_at_20": 0.5004084273629414,
        "mrr_at_3": 0.47058823529411764,
        "mrr_at_5": 0.48993808049535603,
        "nauc_map_at_1000_diff1": 0.09809931019943602,
        "nauc_map_at_1000_max": 0.22928378082765907,
        "nauc_map_at_1000_std": 0.183515248716227,
        "nauc_map_at_100_diff1": 0.11224004109590183,
        "nauc_map_at_100_max": 0.21672936284163039,
        "nauc_map_at_100_std": 0.14630729469587292,
        "nauc_map_at_10_diff1": 0.16096342311299874,
        "nauc_map_at_10_max": 0.16642890391903678,
        "nauc_map_at_10_std": 0.02356924667046967,
        "nauc_map_at_1_diff1": 0.29675543443299446,
        "nauc_map_at_1_max": 0.017359741470024885,
        "nauc_map_at_1_std": -0.13121028863778778,
        "nauc_map_at_20_diff1": 0.13578279808178645,
        "nauc_map_at_20_max": 0.19186892369691014,
        "nauc_map_at_20_std": 0.07722023864925624,
        "nauc_map_at_3_diff1": 0.22875800666758347,
        "nauc_map_at_3_max": 0.10031819428347244,
        "nauc_map_at_3_std": -0.061768728269498224,
        "nauc_map_at_5_diff1": 0.2046900079102988,
        "nauc_map_at_5_max": 0.13135640943994079,
        "nauc_map_at_5_std": -0.03043706021087144,
        "nauc_mrr_at_1000_diff1": 0.256805588052991,
        "nauc_mrr_at_1000_max": 0.4075988017526592,
        "nauc_mrr_at_1000_std": 0.21368889673348657,
        "nauc_mrr_at_100_diff1": 0.2569603823414001,
        "nauc_mrr_at_100_max": 0.4079323801022565,
        "nauc_mrr_at_100_std": 0.21420987528867771,
        "nauc_mrr_at_10_diff1": 0.25964772082674076,
        "nauc_mrr_at_10_max": 0.40428752378502336,
        "nauc_mrr_at_10_std": 0.20962389272111287,
        "nauc_mrr_at_1_diff1": 0.25484171034821385,
        "nauc_mrr_at_1_max": 0.3448487870677052,
        "nauc_mrr_at_1_std": 0.12923230443453557,
        "nauc_mrr_at_20_diff1": 0.2582893900583181,
        "nauc_mrr_at_20_max": 0.4070173160986744,
        "nauc_mrr_at_20_std": 0.21247211815905978,
        "nauc_mrr_at_3_diff1": 0.25053524333230526,
        "nauc_mrr_at_3_max": 0.40004921724872633,
        "nauc_mrr_at_3_std": 0.19112350707157383,
        "nauc_mrr_at_5_diff1": 0.254844850861902,
        "nauc_mrr_at_5_max": 0.4004134016333667,
        "nauc_mrr_at_5_std": 0.2061681049519388,
        "nauc_ndcg_at_1000_diff1": 0.1212548092806022,
        "nauc_ndcg_at_1000_max": 0.40703589833727105,
        "nauc_ndcg_at_1000_std": 0.3538639137556691,
        "nauc_ndcg_at_100_diff1": 0.12359105094541997,
        "nauc_ndcg_at_100_max": 0.32664300091547166,
        "nauc_ndcg_at_100_std": 0.2725044263048969,
        "nauc_ndcg_at_10_diff1": 0.10595571508458497,
        "nauc_ndcg_at_10_max": 0.3043481614229174,
        "nauc_ndcg_at_10_std": 0.25461112768158656,
        "nauc_ndcg_at_1_diff1": 0.27870794564466883,
        "nauc_ndcg_at_1_max": 0.3177097785763162,
        "nauc_ndcg_at_1_std": 0.10462072034704381,
        "nauc_ndcg_at_20_diff1": 0.10234818218231671,
        "nauc_ndcg_at_20_max": 0.304061737585344,
        "nauc_ndcg_at_20_std": 0.27099199817502284,
        "nauc_ndcg_at_3_diff1": 0.16812961643938215,
        "nauc_ndcg_at_3_max": 0.31819555959522766,
        "nauc_ndcg_at_3_std": 0.1841881365794457,
        "nauc_ndcg_at_5_diff1": 0.14339260909487647,
        "nauc_ndcg_at_5_max": 0.32085159837434585,
        "nauc_ndcg_at_5_std": 0.22560749613512063,
        "nauc_precision_at_1000_diff1": -0.1372835343261264,
        "nauc_precision_at_1000_max": 0.08260925525652169,
        "nauc_precision_at_1000_std": 0.3179165633495253,
        "nauc_precision_at_100_diff1": -0.12564656394220958,
        "nauc_precision_at_100_max": 0.19487327416221492,
        "nauc_precision_at_100_std": 0.43958006281304446,
        "nauc_precision_at_10_diff1": -0.056300306582696774,
        "nauc_precision_at_10_max": 0.31229431679715736,
        "nauc_precision_at_10_std": 0.3809493970933894,
        "nauc_precision_at_1_diff1": 0.25484171034821385,
        "nauc_precision_at_1_max": 0.3448487870677052,
        "nauc_precision_at_1_std": 0.12923230443453557,
        "nauc_precision_at_20_diff1": -0.07981497606591674,
        "nauc_precision_at_20_max": 0.2950921544813772,
        "nauc_precision_at_20_std": 0.43645339543512973,
        "nauc_precision_at_3_diff1": 0.09122161497213581,
        "nauc_precision_at_3_max": 0.3519958605170584,
        "nauc_precision_at_3_std": 0.25063603941792106,
        "nauc_precision_at_5_diff1": 0.030866933126122032,
        "nauc_precision_at_5_max": 0.35492948984697653,
        "nauc_precision_at_5_std": 0.32246698513265215,
        "nauc_recall_at_1000_diff1": 0.0799213764061237,
        "nauc_recall_at_1000_max": 0.26314987846363885,
        "nauc_recall_at_1000_std": 0.25117581988891974,
        "nauc_recall_at_100_diff1": 0.103257924775416,
        "nauc_recall_at_100_max": 0.22736739745265552,
        "nauc_recall_at_100_std": 0.18662900528859164,
        "nauc_recall_at_10_diff1": 0.1616597937427814,
        "nauc_recall_at_10_max": 0.14879954298119974,
        "nauc_recall_at_10_std": 0.02646131732462787,
        "nauc_recall_at_1_diff1": 0.29675543443299446,
        "nauc_recall_at_1_max": 0.017359741470024885,
        "nauc_recall_at_1_std": -0.13121028863778778,
        "nauc_recall_at_20_diff1": 0.12332648304281756,
        "nauc_recall_at_20_max": 0.17571172102917593,
        "nauc_recall_at_20_std": 0.08470356369257297,
        "nauc_recall_at_3_diff1": 0.21610664284731537,
        "nauc_recall_at_3_max": 0.1120954502356319,
        "nauc_recall_at_3_std": -0.049297050943842805,
        "nauc_recall_at_5_diff1": 0.1851815070402878,
        "nauc_recall_at_5_max": 0.12707367497906988,
        "nauc_recall_at_5_std": -0.010347102011900878,
        "ndcg_at_1": 0.387,
        "ndcg_at_10": 0.3018,
        "ndcg_at_100": 0.28156,
        "ndcg_at_1000": 0.37061,
        "ndcg_at_20": 0.28221,
        "ndcg_at_3": 0.35044,
        "ndcg_at_5": 0.32809,
        "precision_at_1": 0.40867,
        "precision_at_10": 0.22817,
        "precision_at_100": 0.0752,
        "precision_at_1000": 0.02026,
        "precision_at_20": 0.17012,
        "precision_at_3": 0.33746,
        "precision_at_5": 0.28854,
        "recall_at_1": 0.04491,
        "recall_at_10": 0.14626,
        "recall_at_100": 0.295,
        "recall_at_1000": 0.62006,
        "recall_at_20": 0.18141,
        "recall_at_3": 0.08604,
        "recall_at_5": 0.11203
      }
    ]
  },
  "task_name": "NFCorpus"
}