{
  "dataset_revision": "0228b52cf27578f30900b9e5271d331663a030d7",
  "evaluation_time": 7.924435615539551,
  "kg_co2_emissions": null,
  "mteb_version": "1.14.10",
  "scores": {
    "test": [
      {
        "hf_subset": "default",
        "languages": [
          "eng-Latn"
        ],
        "main_score": 0.48412,
        "map_at_1": 0.33956,
        "map_at_10": 0.43762,
        "map_at_100": 0.44666,
        "map_at_1000": 0.44725,
        "map_at_20": 0.44214,
        "map_at_3": 0.41306,
        "map_at_5": 0.42752,
        "mrr_at_1": 0.35,
        "mrr_at_10": 0.44512301587301567,
        "mrr_at_100": 0.45270482641597387,
        "mrr_at_1000": 0.45325076220302063,
        "mrr_at_20": 0.4486095704404527,
        "mrr_at_3": 0.4261111111111109,
        "mrr_at_5": 0.4392777777777776,
        "nauc_map_at_1000_diff1": 0.5694247879159143,
        "nauc_map_at_1000_max": 0.4826499501572484,
        "nauc_map_at_1000_std": 0.14472204803079083,
        "nauc_map_at_100_diff1": 0.5694130165293056,
        "nauc_map_at_100_max": 0.48301457206076925,
        "nauc_map_at_100_std": 0.14497942669029798,
        "nauc_map_at_10_diff1": 0.5687069309303433,
        "nauc_map_at_10_max": 0.4797171138856234,
        "nauc_map_at_10_std": 0.1395706455920203,
        "nauc_map_at_1_diff1": 0.6349317505041556,
        "nauc_map_at_1_max": 0.4318185298441356,
        "nauc_map_at_1_std": 0.08147209945532334,
        "nauc_map_at_20_diff1": 0.5677790357438284,
        "nauc_map_at_20_max": 0.4826495048844174,
        "nauc_map_at_20_std": 0.14310641475514108,
        "nauc_map_at_3_diff1": 0.5828669387605816,
        "nauc_map_at_3_max": 0.45560320266842136,
        "nauc_map_at_3_std": 0.09949877265926532,
        "nauc_map_at_5_diff1": 0.5729164588811225,
        "nauc_map_at_5_max": 0.4710915832203565,
        "nauc_map_at_5_std": 0.1293467660078215,
        "nauc_mrr_at_1000_diff1": 0.5739208137309892,
        "nauc_mrr_at_1000_max": 0.48253742208727685,
        "nauc_mrr_at_1000_std": 0.14949098432594204,
        "nauc_mrr_at_100_diff1": 0.573907105474385,
        "nauc_mrr_at_100_max": 0.4828839510454522,
        "nauc_mrr_at_100_std": 0.14993872229586067,
        "nauc_mrr_at_10_diff1": 0.5717379311030737,
        "nauc_mrr_at_10_max": 0.47996445019608464,
        "nauc_mrr_at_10_std": 0.14865819406894495,
        "nauc_mrr_at_1_diff1": 0.6391676005889204,
        "nauc_mrr_at_1_max": 0.4418397169666203,
        "nauc_mrr_at_1_std": 0.09411299360537914,
        "nauc_mrr_at_20_diff1": 0.5725334635090943,
        "nauc_mrr_at_20_max": 0.48321028291201046,
        "nauc_mrr_at_20_std": 0.149334942812146,
        "nauc_mrr_at_3_diff1": 0.5812600474056125,
        "nauc_mrr_at_3_max": 0.4693636970157862,
        "nauc_mrr_at_3_std": 0.12274366092472784,
        "nauc_mrr_at_5_diff1": 0.5723517259802274,
        "nauc_mrr_at_5_max": 0.4788033071652068,
        "nauc_mrr_at_5_std": 0.14323065513038383,
        "nauc_ndcg_at_1000_diff1": 0.5523001980836721,
        "nauc_ndcg_at_1000_max": 0.5019214854092543,
        "nauc_ndcg_at_1000_std": 0.18460402714923266,
        "nauc_ndcg_at_100_diff1": 0.5510693918234619,
        "nauc_ndcg_at_100_max": 0.5100807477535668,
        "nauc_ndcg_at_100_std": 0.1958075936580261,
        "nauc_ndcg_at_10_diff1": 0.5406091538677161,
        "nauc_ndcg_at_10_max": 0.4974383921487939,
        "nauc_ndcg_at_10_std": 0.1747041991355744,
        "nauc_ndcg_at_1_diff1": 0.6391676005889204,
        "nauc_ndcg_at_1_max": 0.4418397169666203,
        "nauc_ndcg_at_1_std": 0.09411299360537914,
        "nauc_ndcg_at_20_diff1": 0.5399087024194887,
        "nauc_ndcg_at_20_max": 0.507697385109915,
        "nauc_ndcg_at_20_std": 0.18316335977353795,
        "nauc_ndcg_at_3_diff1": 0.5652992050461932,
        "nauc_ndcg_at_3_max": 0.46290085344309057,
        "nauc_ndcg_at_3_std": 0.11285044450747349,
        "nauc_ndcg_at_5_diff1": 0.5483007808341492,
        "nauc_ndcg_at_5_max": 0.48695514539703727,
        "nauc_ndcg_at_5_std": 0.15826496397964854,
        "nauc_precision_at_1000_diff1": -0.1080306663114579,
        "nauc_precision_at_1000_max": 0.2680519788059083,
        "nauc_precision_at_1000_std": 0.5552141609685343,
        "nauc_precision_at_100_diff1": 0.09697370079493033,
        "nauc_precision_at_100_max": 0.4303664329828794,
        "nauc_precision_at_100_std": 0.5327599170734031,
        "nauc_precision_at_10_diff1": 0.24674893230618122,
        "nauc_precision_at_10_max": 0.4949780555237693,
        "nauc_precision_at_10_std": 0.3575786882038746,
        "nauc_precision_at_1_diff1": 0.6391676005889204,
        "nauc_precision_at_1_max": 0.4418397169666203,
        "nauc_precision_at_1_std": 0.09411299360537914,
        "nauc_precision_at_20_diff1": 0.19045043344417514,
        "nauc_precision_at_20_max": 0.5019312588032001,
        "nauc_precision_at_20_std": 0.40297965643922357,
        "nauc_precision_at_3_diff1": 0.46360563049459735,
        "nauc_precision_at_3_max": 0.46980487886718963,
        "nauc_precision_at_3_std": 0.1791322730018115,
        "nauc_precision_at_5_diff1": 0.3578799403308031,
        "nauc_precision_at_5_max": 0.521572709538875,
        "nauc_precision_at_5_std": 0.31402963788666116,
        "nauc_recall_at_1000_diff1": 0.3559120617944143,
        "nauc_recall_at_1000_max": 0.7010440539852271,
        "nauc_recall_at_1000_std": 0.6807147101264726,
        "nauc_recall_at_100_diff1": 0.4816836403333008,
        "nauc_recall_at_100_max": 0.6674441191624433,
        "nauc_recall_at_100_std": 0.48792662006557813,
        "nauc_recall_at_10_diff1": 0.44364307590406016,
        "nauc_recall_at_10_max": 0.5379042832750593,
        "nauc_recall_at_10_std": 0.2634481721711442,
        "nauc_recall_at_1_diff1": 0.6349317505041556,
        "nauc_recall_at_1_max": 0.4318185298441356,
        "nauc_recall_at_1_std": 0.08147209945532334,
        "nauc_recall_at_20_diff1": 0.44052965734488164,
        "nauc_recall_at_20_max": 0.5875002033303555,
        "nauc_recall_at_20_std": 0.30199858313799677,
        "nauc_recall_at_3_diff1": 0.5160388930124723,
        "nauc_recall_at_3_max": 0.465845589640671,
        "nauc_recall_at_3_std": 0.12112483240620388,
        "nauc_recall_at_5_diff1": 0.472330620700011,
        "nauc_recall_at_5_max": 0.5146370604903643,
        "nauc_recall_at_5_std": 0.22088174145361553,
        "ndcg_at_1": 0.35,
        "ndcg_at_10": 0.48412,
        "ndcg_at_100": 0.52988,
        "ndcg_at_1000": 0.54622,
        "ndcg_at_20": 0.49836,
        "ndcg_at_3": 0.44086,
        "ndcg_at_5": 0.46425,
        "precision_at_1": 0.35,
        "precision_at_10": 0.06967,
        "precision_at_100": 0.00953,
        "precision_at_1000": 0.00109,
        "precision_at_20": 0.03833,
        "precision_at_3": 0.18,
        "precision_at_5": 0.12267,
        "recall_at_1": 0.33956,
        "recall_at_10": 0.6145,
        "recall_at_100": 0.83367,
        "recall_at_1000": 0.96333,
        "recall_at_20": 0.667,
        "recall_at_3": 0.50228,
        "recall_at_5": 0.55811
      }
    ]
  },
  "task_name": "SciFact"
}