{
  "dataset_revision": "ec0fa4fe99da2ff19ca1214b7966684033a58814",
  "evaluation_time": 317.2943868637085,
  "kg_co2_emissions": null,
  "mteb_version": "1.14.9",
  "scores": {
    "test": [
      {
        "hf_subset": "default",
        "languages": [
          "eng-Latn"
        ],
        "main_score": 0.27284,
        "map_at_1": 0.03637,
        "map_at_10": 0.0889,
        "map_at_100": 0.11437,
        "map_at_1000": 0.12742,
        "map_at_20": 0.09844,
        "map_at_3": 0.06097,
        "map_at_5": 0.07262,
        "mrr_at_1": 0.38080495356037153,
        "mrr_at_10": 0.45936532507739936,
        "mrr_at_100": 0.46595799677548605,
        "mrr_at_1000": 0.46642699680560323,
        "mrr_at_20": 0.46292628174978717,
        "mrr_at_3": 0.43343653250773995,
        "mrr_at_5": 0.4487616099071207,
        "nauc_map_at_1000_diff1": 0.20532579011486005,
        "nauc_map_at_1000_max": 0.3394088437107062,
        "nauc_map_at_1000_std": 0.2586613340246297,
        "nauc_map_at_100_diff1": 0.22018891919417868,
        "nauc_map_at_100_max": 0.3283877400391445,
        "nauc_map_at_100_std": 0.22763731639994028,
        "nauc_map_at_10_diff1": 0.25031957946580274,
        "nauc_map_at_10_max": 0.27641107954463223,
        "nauc_map_at_10_std": 0.11609482418244693,
        "nauc_map_at_1_diff1": 0.471086131558826,
        "nauc_map_at_1_max": 0.14321318213511186,
        "nauc_map_at_1_std": -0.030408488686169372,
        "nauc_map_at_20_diff1": 0.240064265544469,
        "nauc_map_at_20_max": 0.30443393275384567,
        "nauc_map_at_20_std": 0.16877076085941928,
        "nauc_map_at_3_diff1": 0.3200215465332726,
        "nauc_map_at_3_max": 0.18311741404388862,
        "nauc_map_at_3_std": 0.017887339029849635,
        "nauc_map_at_5_diff1": 0.30272315369066227,
        "nauc_map_at_5_max": 0.22919485950795174,
        "nauc_map_at_5_std": 0.066849375039432,
        "nauc_mrr_at_1000_diff1": 0.3156147782705635,
        "nauc_mrr_at_1000_max": 0.41944901805267726,
        "nauc_mrr_at_1000_std": 0.22055179191336666,
        "nauc_mrr_at_100_diff1": 0.3157702090987992,
        "nauc_mrr_at_100_max": 0.41961303681697304,
        "nauc_mrr_at_100_std": 0.22088403532168646,
        "nauc_mrr_at_10_diff1": 0.3121425710881998,
        "nauc_mrr_at_10_max": 0.41966239746133716,
        "nauc_mrr_at_10_std": 0.22103770335375222,
        "nauc_mrr_at_1_diff1": 0.3522953418756994,
        "nauc_mrr_at_1_max": 0.3414340282490601,
        "nauc_mrr_at_1_std": 0.13975860538052462,
        "nauc_mrr_at_20_diff1": 0.31510339803139914,
        "nauc_mrr_at_20_max": 0.4203010372131112,
        "nauc_mrr_at_20_std": 0.2209827711190476,
        "nauc_mrr_at_3_diff1": 0.3071273556936827,
        "nauc_mrr_at_3_max": 0.40621601029891025,
        "nauc_mrr_at_3_std": 0.1940223120455783,
        "nauc_mrr_at_5_diff1": 0.305395294379608,
        "nauc_mrr_at_5_max": 0.40879371469577397,
        "nauc_mrr_at_5_std": 0.20636313106454368,
        "nauc_ndcg_at_1000_diff1": 0.22270611562902726,
        "nauc_ndcg_at_1000_max": 0.4860832901752707,
        "nauc_ndcg_at_1000_std": 0.402590407650571,
        "nauc_ndcg_at_100_diff1": 0.2109705059459247,
        "nauc_ndcg_at_100_max": 0.40383903078182376,
        "nauc_ndcg_at_100_std": 0.3098859633522159,
        "nauc_ndcg_at_10_diff1": 0.17745126507899278,
        "nauc_ndcg_at_10_max": 0.3887839694384655,
        "nauc_ndcg_at_10_std": 0.27104432129861733,
        "nauc_ndcg_at_1_diff1": 0.37388314547322116,
        "nauc_ndcg_at_1_max": 0.34154680923027214,
        "nauc_ndcg_at_1_std": 0.12290375006728181,
        "nauc_ndcg_at_20_diff1": 0.18012269630124053,
        "nauc_ndcg_at_20_max": 0.3820058785126969,
        "nauc_ndcg_at_20_std": 0.28953994346127043,
        "nauc_ndcg_at_3_diff1": 0.21188163584037217,
        "nauc_ndcg_at_3_max": 0.35492640711662293,
        "nauc_ndcg_at_3_std": 0.17344582229746752,
        "nauc_ndcg_at_5_diff1": 0.2004290701534828,
        "nauc_ndcg_at_5_max": 0.3759765641408622,
        "nauc_ndcg_at_5_std": 0.23192406082061967,
        "nauc_precision_at_1000_diff1": -0.1095536524991265,
        "nauc_precision_at_1000_max": 0.0788062486215989,
        "nauc_precision_at_1000_std": 0.21812467718934245,
        "nauc_precision_at_100_diff1": -0.0799795024606833,
        "nauc_precision_at_100_max": 0.23074558699689307,
        "nauc_precision_at_100_std": 0.37470807828449715,
        "nauc_precision_at_10_diff1": 0.016397541340603183,
        "nauc_precision_at_10_max": 0.38661373062906274,
        "nauc_precision_at_10_std": 0.3624147255176684,
        "nauc_precision_at_1_diff1": 0.3614364558537997,
        "nauc_precision_at_1_max": 0.3429936104999787,
        "nauc_precision_at_1_std": 0.1300661268769682,
        "nauc_precision_at_20_diff1": -0.011523572037780982,
        "nauc_precision_at_20_max": 0.34457060817211804,
        "nauc_precision_at_20_std": 0.3996684555546197,
        "nauc_precision_at_3_diff1": 0.10209860972658028,
        "nauc_precision_at_3_max": 0.3690884780115452,
        "nauc_precision_at_3_std": 0.22773363413978853,
        "nauc_precision_at_5_diff1": 0.08187070079091824,
        "nauc_precision_at_5_max": 0.38832470348642745,
        "nauc_precision_at_5_std": 0.3072274623639748,
        "nauc_recall_at_1000_diff1": 0.11443872428078501,
        "nauc_recall_at_1000_max": 0.30095108764087114,
        "nauc_recall_at_1000_std": 0.32319285577158424,
        "nauc_recall_at_100_diff1": 0.16074562901700531,
        "nauc_recall_at_100_max": 0.24928798056173723,
        "nauc_recall_at_100_std": 0.21833669203989273,
        "nauc_recall_at_10_diff1": 0.16472948169023535,
        "nauc_recall_at_10_max": 0.23813493851408557,
        "nauc_recall_at_10_std": 0.10140209206426849,
        "nauc_recall_at_1_diff1": 0.471086131558826,
        "nauc_recall_at_1_max": 0.14321318213511186,
        "nauc_recall_at_1_std": -0.030408488686169372,
        "nauc_recall_at_20_diff1": 0.17509118508230545,
        "nauc_recall_at_20_max": 0.26202670501796854,
        "nauc_recall_at_20_std": 0.15770165524692045,
        "nauc_recall_at_3_diff1": 0.23451378300083964,
        "nauc_recall_at_3_max": 0.16615169293764162,
        "nauc_recall_at_3_std": 0.003979235478951158,
        "nauc_recall_at_5_diff1": 0.2233807432695029,
        "nauc_recall_at_5_max": 0.21541488206135406,
        "nauc_recall_at_5_std": 0.08027832933330073,
        "ndcg_at_1": 0.36378,
        "ndcg_at_10": 0.27284,
        "ndcg_at_100": 0.25485,
        "ndcg_at_1000": 0.34363,
        "ndcg_at_20": 0.25127,
        "ndcg_at_3": 0.30657,
        "ndcg_at_5": 0.29453,
        "precision_at_1": 0.37771,
        "precision_at_10": 0.20898,
        "precision_at_100": 0.06895,
        "precision_at_1000": 0.0196,
        "precision_at_20": 0.15232,
        "precision_at_3": 0.28793,
        "precision_at_5": 0.26006,
        "recall_at_1": 0.03637,
        "recall_at_10": 0.13054,
        "recall_at_100": 0.27506,
        "recall_at_1000": 0.58533,
        "recall_at_20": 0.15649,
        "recall_at_3": 0.06971,
        "recall_at_5": 0.0909
      }
    ]
  },
  "task_name": "NFCorpus"
}