{
  "dataset_revision": "ec0fa4fe99da2ff19ca1214b7966684033a58814",
  "evaluation_time": 295.96351075172424,
  "kg_co2_emissions": null,
  "mteb_version": "1.14.9",
  "scores": {
    "test": [
      {
        "hf_subset": "default",
        "languages": [
          "eng-Latn"
        ],
        "main_score": 0.206,
        "map_at_1": 0.02724,
        "map_at_10": 0.06262,
        "map_at_100": 0.08217,
        "map_at_1000": 0.09337,
        "map_at_20": 0.07096,
        "map_at_3": 0.04363,
        "map_at_5": 0.05182,
        "mrr_at_1": 0.28173374613003094,
        "mrr_at_10": 0.3660573001130277,
        "mrr_at_100": 0.3750352013379508,
        "mrr_at_1000": 0.3757059563573925,
        "mrr_at_20": 0.37161495289975865,
        "mrr_at_3": 0.3379772961816306,
        "mrr_at_5": 0.35531475748194014,
        "nauc_map_at_1000_diff1": 0.15235300120716577,
        "nauc_map_at_1000_max": 0.32279371822150055,
        "nauc_map_at_1000_std": 0.19198095170823418,
        "nauc_map_at_100_diff1": 0.1641812439124117,
        "nauc_map_at_100_max": 0.30746303779770434,
        "nauc_map_at_100_std": 0.16017551433481528,
        "nauc_map_at_10_diff1": 0.19916481224064472,
        "nauc_map_at_10_max": 0.2709839042536383,
        "nauc_map_at_10_std": 0.08509047650622313,
        "nauc_map_at_1_diff1": 0.3687253185568849,
        "nauc_map_at_1_max": 0.18442417696863256,
        "nauc_map_at_1_std": -0.08560515968420479,
        "nauc_map_at_20_diff1": 0.1849914352509587,
        "nauc_map_at_20_max": 0.29114351123637217,
        "nauc_map_at_20_std": 0.12278496917821545,
        "nauc_map_at_3_diff1": 0.2875873479759727,
        "nauc_map_at_3_max": 0.2229022549115541,
        "nauc_map_at_3_std": 0.006490238687805453,
        "nauc_map_at_5_diff1": 0.24113323251599392,
        "nauc_map_at_5_max": 0.2280670294815873,
        "nauc_map_at_5_std": 0.04506440741092798,
        "nauc_mrr_at_1000_diff1": 0.20901515666201573,
        "nauc_mrr_at_1000_max": 0.3388119734966305,
        "nauc_mrr_at_1000_std": 0.1629956030278004,
        "nauc_mrr_at_100_diff1": 0.20910219524280096,
        "nauc_mrr_at_100_max": 0.3389222917604729,
        "nauc_mrr_at_100_std": 0.16323389540490196,
        "nauc_mrr_at_10_diff1": 0.20881625796662165,
        "nauc_mrr_at_10_max": 0.33438121050783953,
        "nauc_mrr_at_10_std": 0.15533809506592508,
        "nauc_mrr_at_1_diff1": 0.23808339522791935,
        "nauc_mrr_at_1_max": 0.3043004619907454,
        "nauc_mrr_at_1_std": 0.1479077655820305,
        "nauc_mrr_at_20_diff1": 0.2107302070004489,
        "nauc_mrr_at_20_max": 0.33720395315078583,
        "nauc_mrr_at_20_std": 0.1618393077125233,
        "nauc_mrr_at_3_diff1": 0.21573525126611115,
        "nauc_mrr_at_3_max": 0.32046210846841877,
        "nauc_mrr_at_3_std": 0.16725020980194152,
        "nauc_mrr_at_5_diff1": 0.2127688665322776,
        "nauc_mrr_at_5_max": 0.32735434928465135,
        "nauc_mrr_at_5_std": 0.15639562275800747,
        "nauc_ndcg_at_1000_diff1": 0.12950805330761556,
        "nauc_ndcg_at_1000_max": 0.4520392938761735,
        "nauc_ndcg_at_1000_std": 0.2916645691134335,
        "nauc_ndcg_at_100_diff1": 0.1497322709320327,
        "nauc_ndcg_at_100_max": 0.3591825062715202,
        "nauc_ndcg_at_100_std": 0.21755902302851138,
        "nauc_ndcg_at_10_diff1": 0.0979317766519871,
        "nauc_ndcg_at_10_max": 0.3470312176850201,
        "nauc_ndcg_at_10_std": 0.18211334380360703,
        "nauc_ndcg_at_1_diff1": 0.24121381529204428,
        "nauc_ndcg_at_1_max": 0.2994524428828932,
        "nauc_ndcg_at_1_std": 0.13934616771752048,
        "nauc_ndcg_at_20_diff1": 0.12332890419740299,
        "nauc_ndcg_at_20_max": 0.3441212476662257,
        "nauc_ndcg_at_20_std": 0.1997642925990581,
        "nauc_ndcg_at_3_diff1": 0.13570308012916366,
        "nauc_ndcg_at_3_max": 0.32550459838692336,
        "nauc_ndcg_at_3_std": 0.16071162751329132,
        "nauc_ndcg_at_5_diff1": 0.11096164880080686,
        "nauc_ndcg_at_5_max": 0.33905555577984997,
        "nauc_ndcg_at_5_std": 0.18803626926941194,
        "nauc_precision_at_1000_diff1": -0.043821203847906144,
        "nauc_precision_at_1000_max": 0.12099204877736333,
        "nauc_precision_at_1000_std": 0.22401045295098984,
        "nauc_precision_at_100_diff1": -0.04718934686617111,
        "nauc_precision_at_100_max": 0.2311328234281569,
        "nauc_precision_at_100_std": 0.3171183621664915,
        "nauc_precision_at_10_diff1": -0.04079031380696152,
        "nauc_precision_at_10_max": 0.3514507647505388,
        "nauc_precision_at_10_std": 0.25219858934032513,
        "nauc_precision_at_1_diff1": 0.23808339522791935,
        "nauc_precision_at_1_max": 0.3043004619907454,
        "nauc_precision_at_1_std": 0.1479077655820305,
        "nauc_precision_at_20_diff1": -0.03161676587378701,
        "nauc_precision_at_20_max": 0.3207745892708121,
        "nauc_precision_at_20_std": 0.30457296152265545,
        "nauc_precision_at_3_diff1": 0.06304265036862224,
        "nauc_precision_at_3_max": 0.34795757949273765,
        "nauc_precision_at_3_std": 0.20376729854057665,
        "nauc_precision_at_5_diff1": 0.004736799309920303,
        "nauc_precision_at_5_max": 0.3670379155771623,
        "nauc_precision_at_5_std": 0.2518485612228616,
        "nauc_recall_at_1000_diff1": 0.04695703127042587,
        "nauc_recall_at_1000_max": 0.29989189687634527,
        "nauc_recall_at_1000_std": 0.20948198667641832,
        "nauc_recall_at_100_diff1": 0.09855973605403297,
        "nauc_recall_at_100_max": 0.20870910996024625,
        "nauc_recall_at_100_std": 0.1811705271416931,
        "nauc_recall_at_10_diff1": 0.15131766512261208,
        "nauc_recall_at_10_max": 0.19405985039200516,
        "nauc_recall_at_10_std": 0.0626377535335259,
        "nauc_recall_at_1_diff1": 0.3687253185568849,
        "nauc_recall_at_1_max": 0.18442417696863256,
        "nauc_recall_at_1_std": -0.08560515968420479,
        "nauc_recall_at_20_diff1": 0.1433706890357933,
        "nauc_recall_at_20_max": 0.2129008397981542,
        "nauc_recall_at_20_std": 0.1024178371704239,
        "nauc_recall_at_3_diff1": 0.24927463605596406,
        "nauc_recall_at_3_max": 0.1867280700146588,
        "nauc_recall_at_3_std": 0.006975697434587947,
        "nauc_recall_at_5_diff1": 0.17540326423136243,
        "nauc_recall_at_5_max": 0.14647420322407692,
        "nauc_recall_at_5_std": 0.034974380169347626,
        "ndcg_at_1": 0.26935,
        "ndcg_at_10": 0.206,
        "ndcg_at_100": 0.19965,
        "ndcg_at_1000": 0.29336,
        "ndcg_at_20": 0.19474,
        "ndcg_at_3": 0.23351,
        "ndcg_at_5": 0.22318,
        "precision_at_1": 0.28173,
        "precision_at_10": 0.15851,
        "precision_at_100": 0.05489,
        "precision_at_1000": 0.01802,
        "precision_at_20": 0.11966,
        "precision_at_3": 0.22085,
        "precision_at_5": 0.19567,
        "recall_at_1": 0.02724,
        "recall_at_10": 0.10062,
        "recall_at_100": 0.22293,
        "recall_at_1000": 0.55526,
        "recall_at_20": 0.13157,
        "recall_at_3": 0.05317,
        "recall_at_5": 0.07361
      }
    ]
  },
  "task_name": "NFCorpus"
}