{
  "dataset_revision": "0228b52cf27578f30900b9e5271d331663a030d7",
  "evaluation_time": 541.3681027889252,
  "kg_co2_emissions": null,
  "mteb_version": "1.14.10",
  "scores": {
    "test": [
      {
        "hf_subset": "default",
        "languages": [
          "eng-Latn"
        ],
        "main_score": 0.47897,
        "map_at_1": 0.32622,
        "map_at_10": 0.43032,
        "map_at_100": 0.43898,
        "map_at_1000": 0.43964,
        "map_at_20": 0.43462,
        "map_at_3": 0.40547,
        "map_at_5": 0.41943,
        "mrr_at_1": 0.33666666666666667,
        "mrr_at_10": 0.4376177248677246,
        "mrr_at_100": 0.4448892518120972,
        "mrr_at_1000": 0.44552133743219174,
        "mrr_at_20": 0.4409809797329146,
        "mrr_at_3": 0.41833333333333317,
        "mrr_at_5": 0.4313333333333332,
        "nauc_map_at_1000_diff1": 0.5817784197159307,
        "nauc_map_at_1000_max": 0.4950243640293446,
        "nauc_map_at_1000_std": 0.14755782446188342,
        "nauc_map_at_100_diff1": 0.5817499776564249,
        "nauc_map_at_100_max": 0.4954235735052263,
        "nauc_map_at_100_std": 0.14782843285859237,
        "nauc_map_at_10_diff1": 0.5810026908606278,
        "nauc_map_at_10_max": 0.49171435954166137,
        "nauc_map_at_10_std": 0.14184982826013443,
        "nauc_map_at_1_diff1": 0.6681132245485449,
        "nauc_map_at_1_max": 0.4544664759395761,
        "nauc_map_at_1_std": 0.08384453410382982,
        "nauc_map_at_20_diff1": 0.5800413604736874,
        "nauc_map_at_20_max": 0.4946756307450872,
        "nauc_map_at_20_std": 0.14568653342505233,
        "nauc_map_at_3_diff1": 0.5924188068351597,
        "nauc_map_at_3_max": 0.46633317528400026,
        "nauc_map_at_3_std": 0.10745410993568587,
        "nauc_map_at_5_diff1": 0.5838142176797577,
        "nauc_map_at_5_max": 0.4835554816624231,
        "nauc_map_at_5_std": 0.1299906268031931,
        "nauc_mrr_at_1000_diff1": 0.5863939998754133,
        "nauc_mrr_at_1000_max": 0.4950448161543649,
        "nauc_mrr_at_1000_std": 0.15268155745118198,
        "nauc_mrr_at_100_diff1": 0.5863406631852883,
        "nauc_mrr_at_100_max": 0.49546140522568954,
        "nauc_mrr_at_100_std": 0.15301014998475249,
        "nauc_mrr_at_10_diff1": 0.5835931556375045,
        "nauc_mrr_at_10_max": 0.4919915500109636,
        "nauc_mrr_at_10_std": 0.15135150373600492,
        "nauc_mrr_at_1_diff1": 0.6759235094020797,
        "nauc_mrr_at_1_max": 0.4644375340054054,
        "nauc_mrr_at_1_std": 0.09655544595186384,
        "nauc_mrr_at_20_diff1": 0.5849308832938133,
        "nauc_mrr_at_20_max": 0.49533834124538445,
        "nauc_mrr_at_20_std": 0.15230701643985978,
        "nauc_mrr_at_3_diff1": 0.593364663035033,
        "nauc_mrr_at_3_max": 0.4806267127633283,
        "nauc_mrr_at_3_std": 0.13071282862979658,
        "nauc_mrr_at_5_diff1": 0.5851550838142099,
        "nauc_mrr_at_5_max": 0.4918800753759321,
        "nauc_mrr_at_5_std": 0.14481017334418725,
        "nauc_ndcg_at_1000_diff1": 0.5607819250974498,
        "nauc_ndcg_at_1000_max": 0.5122857001971579,
        "nauc_ndcg_at_1000_std": 0.18593469451794437,
        "nauc_ndcg_at_100_diff1": 0.5585596976595225,
        "nauc_ndcg_at_100_max": 0.5210321608467054,
        "nauc_ndcg_at_100_std": 0.19543509476104387,
        "nauc_ndcg_at_10_diff1": 0.5475707481974788,
        "nauc_ndcg_at_10_max": 0.5053867424686233,
        "nauc_ndcg_at_10_std": 0.17346852840732457,
        "nauc_ndcg_at_1_diff1": 0.6759235094020797,
        "nauc_ndcg_at_1_max": 0.4644375340054054,
        "nauc_ndcg_at_1_std": 0.09655544595186384,
        "nauc_ndcg_at_20_diff1": 0.546957259843667,
        "nauc_ndcg_at_20_max": 0.5154383758926735,
        "nauc_ndcg_at_20_std": 0.18148230422454484,
        "nauc_ndcg_at_3_diff1": 0.5694943816153697,
        "nauc_ndcg_at_3_max": 0.4699372675980616,
        "nauc_ndcg_at_3_std": 0.12181431197327447,
        "nauc_ndcg_at_5_diff1": 0.5540680536830711,
        "nauc_ndcg_at_5_max": 0.4968931910000043,
        "nauc_ndcg_at_5_std": 0.15414095791428165,
        "nauc_precision_at_1000_diff1": -0.08997424740253994,
        "nauc_precision_at_1000_max": 0.27012402687742454,
        "nauc_precision_at_1000_std": 0.5543853417399286,
        "nauc_precision_at_100_diff1": 0.11313889956390273,
        "nauc_precision_at_100_max": 0.42707480492573024,
        "nauc_precision_at_100_std": 0.5158983441661519,
        "nauc_precision_at_10_diff1": 0.2549392290942977,
        "nauc_precision_at_10_max": 0.48677895993999354,
        "nauc_precision_at_10_std": 0.34297511633495703,
        "nauc_precision_at_1_diff1": 0.6759235094020797,
        "nauc_precision_at_1_max": 0.4644375340054054,
        "nauc_precision_at_1_std": 0.09655544595186384,
        "nauc_precision_at_20_diff1": 0.19762368042749107,
        "nauc_precision_at_20_max": 0.4978146281963783,
        "nauc_precision_at_20_std": 0.387859932914168,
        "nauc_precision_at_3_diff1": 0.4615921700120823,
        "nauc_precision_at_3_max": 0.4665130883047706,
        "nauc_precision_at_3_std": 0.18566955009344285,
        "nauc_precision_at_5_diff1": 0.35963460917807477,
        "nauc_precision_at_5_max": 0.5240972469043507,
        "nauc_precision_at_5_std": 0.29430220729719486,
        "nauc_recall_at_1000_diff1": 0.30837789661318865,
        "nauc_recall_at_1000_max": 0.6891605126899216,
        "nauc_recall_at_1000_std": 0.6925982514217817,
        "nauc_recall_at_100_diff1": 0.4657449632676669,
        "nauc_recall_at_100_max": 0.6730747206821911,
        "nauc_recall_at_100_std": 0.4486836250579666,
        "nauc_recall_at_10_diff1": 0.43443769714341457,
        "nauc_recall_at_10_max": 0.5330274175902656,
        "nauc_recall_at_10_std": 0.24953248256405022,
        "nauc_recall_at_1_diff1": 0.6681132245485449,
        "nauc_recall_at_1_max": 0.4544664759395761,
        "nauc_recall_at_1_std": 0.08384453410382982,
        "nauc_recall_at_20_diff1": 0.4282232628996989,
        "nauc_recall_at_20_max": 0.5776057275777103,
        "nauc_recall_at_20_std": 0.280992454059961,
        "nauc_recall_at_3_diff1": 0.5012324903759228,
        "nauc_recall_at_3_max": 0.46143075406600537,
        "nauc_recall_at_3_std": 0.1340149267576312,
        "nauc_recall_at_5_diff1": 0.46067064186529993,
        "nauc_recall_at_5_max": 0.5160874472603457,
        "nauc_recall_at_5_std": 0.19948672983009577,
        "ndcg_at_1": 0.33667,
        "ndcg_at_10": 0.47897,
        "ndcg_at_100": 0.52265,
        "ndcg_at_1000": 0.54026,
        "ndcg_at_20": 0.49264,
        "ndcg_at_3": 0.43469,
        "ndcg_at_5": 0.45743,
        "precision_at_1": 0.33667,
        "precision_at_10": 0.07,
        "precision_at_100": 0.00947,
        "precision_at_1000": 0.00109,
        "precision_at_20": 0.03833,
        "precision_at_3": 0.17889,
        "precision_at_5": 0.122,
        "recall_at_1": 0.32622,
        "recall_at_10": 0.61617,
        "recall_at_100": 0.82433,
        "recall_at_1000": 0.96333,
        "recall_at_20": 0.667,
        "recall_at_3": 0.50061,
        "recall_at_5": 0.55478
      }
    ]
  },
  "task_name": "SciFact"
}