{
  "dataset_revision": "0228b52cf27578f30900b9e5271d331663a030d7",
  "evaluation_time": 535.4262351989746,
  "kg_co2_emissions": null,
  "mteb_version": "1.14.10",
  "scores": {
    "test": [
      {
        "hf_subset": "default",
        "languages": [
          "eng-Latn"
        ],
        "main_score": 0.64401,
        "map_at_1": 0.47567,
        "map_at_10": 0.59077,
        "map_at_100": 0.59658,
        "map_at_1000": 0.59699,
        "map_at_20": 0.59448,
        "map_at_3": 0.55555,
        "map_at_5": 0.5803,
        "mrr_at_1": 0.49666666666666665,
        "mrr_at_10": 0.599621693121693,
        "mrr_at_100": 0.6048577719143019,
        "mrr_at_1000": 0.6052397054939719,
        "mrr_at_20": 0.6031718989071929,
        "mrr_at_3": 0.5727777777777779,
        "mrr_at_5": 0.5932777777777778,
        "nauc_map_at_1000_diff1": 0.6327670621501436,
        "nauc_map_at_1000_max": 0.45277728899615616,
        "nauc_map_at_1000_std": -0.01098001654356049,
        "nauc_map_at_100_diff1": 0.6327790594051612,
        "nauc_map_at_100_max": 0.4533071877398637,
        "nauc_map_at_100_std": -0.010302445549343632,
        "nauc_map_at_10_diff1": 0.6295145684531042,
        "nauc_map_at_10_max": 0.4494930258007056,
        "nauc_map_at_10_std": -0.013343211871858267,
        "nauc_map_at_1_diff1": 0.6883248286100446,
        "nauc_map_at_1_max": 0.37355721740309905,
        "nauc_map_at_1_std": -0.08466732050351011,
        "nauc_map_at_20_diff1": 0.6321325334812616,
        "nauc_map_at_20_max": 0.4546533401313782,
        "nauc_map_at_20_std": -0.010669657099807956,
        "nauc_map_at_3_diff1": 0.6388845944055886,
        "nauc_map_at_3_max": 0.42713787348468674,
        "nauc_map_at_3_std": -0.045149341356480625,
        "nauc_map_at_5_diff1": 0.6281697594987632,
        "nauc_map_at_5_max": 0.4382191108698755,
        "nauc_map_at_5_std": -0.025505964539860426,
        "nauc_mrr_at_1000_diff1": 0.6310136693930122,
        "nauc_mrr_at_1000_max": 0.4628784186959148,
        "nauc_mrr_at_1000_std": 0.009521179141978382,
        "nauc_mrr_at_100_diff1": 0.6309921194130779,
        "nauc_mrr_at_100_max": 0.46334996888195706,
        "nauc_mrr_at_100_std": 0.01011784985363693,
        "nauc_mrr_at_10_diff1": 0.6274144155868656,
        "nauc_mrr_at_10_max": 0.4593029990379605,
        "nauc_mrr_at_10_std": 0.007313810802150016,
        "nauc_mrr_at_1_diff1": 0.67695297076921,
        "nauc_mrr_at_1_max": 0.40572194150293006,
        "nauc_mrr_at_1_std": -0.033046008881475276,
        "nauc_mrr_at_20_diff1": 0.6301218822006923,
        "nauc_mrr_at_20_max": 0.46442208905167603,
        "nauc_mrr_at_20_std": 0.010174090309053077,
        "nauc_mrr_at_3_diff1": 0.6352270058215372,
        "nauc_mrr_at_3_max": 0.4593756171617909,
        "nauc_mrr_at_3_std": 0.000247880620693178,
        "nauc_mrr_at_5_diff1": 0.6237216189025173,
        "nauc_mrr_at_5_max": 0.45656246588007415,
        "nauc_mrr_at_5_std": 0.007265598283329528,
        "nauc_ndcg_at_1000_diff1": 0.6207948558405498,
        "nauc_ndcg_at_1000_max": 0.47192180896899283,
        "nauc_ndcg_at_1000_std": 0.01265077689037789,
        "nauc_ndcg_at_100_diff1": 0.6191771635574475,
        "nauc_ndcg_at_100_max": 0.48580268963740997,
        "nauc_ndcg_at_100_std": 0.029346605364247887,
        "nauc_ndcg_at_10_diff1": 0.6058922620371826,
        "nauc_ndcg_at_10_max": 0.4713238409139234,
        "nauc_ndcg_at_10_std": 0.011395717957626735,
        "nauc_ndcg_at_1_diff1": 0.67695297076921,
        "nauc_ndcg_at_1_max": 0.40572194150293006,
        "nauc_ndcg_at_1_std": -0.033046008881475276,
        "nauc_ndcg_at_20_diff1": 0.6144044778567204,
        "nauc_ndcg_at_20_max": 0.491735605333337,
        "nauc_ndcg_at_20_std": 0.022082117492904035,
        "nauc_ndcg_at_3_diff1": 0.6186823584342879,
        "nauc_ndcg_at_3_max": 0.4489911618835813,
        "nauc_ndcg_at_3_std": -0.023856560748452736,
        "nauc_ndcg_at_5_diff1": 0.6004813715777205,
        "nauc_ndcg_at_5_max": 0.45569466684686355,
        "nauc_ndcg_at_5_std": -0.004664973438755213,
        "nauc_precision_at_1000_diff1": -0.25254449100155585,
        "nauc_precision_at_1000_max": 0.17108736475604355,
        "nauc_precision_at_1000_std": 0.42089857455041224,
        "nauc_precision_at_100_diff1": -0.049602660671177495,
        "nauc_precision_at_100_max": 0.3436285835655891,
        "nauc_precision_at_100_std": 0.43743071168809605,
        "nauc_precision_at_10_diff1": 0.14907867429721403,
        "nauc_precision_at_10_max": 0.43136550261888285,
        "nauc_precision_at_10_std": 0.3068090955645195,
        "nauc_precision_at_1_diff1": 0.67695297076921,
        "nauc_precision_at_1_max": 0.40572194150293006,
        "nauc_precision_at_1_std": -0.033046008881475276,
        "nauc_precision_at_20_diff1": 0.10004958431017563,
        "nauc_precision_at_20_max": 0.4714312535202449,
        "nauc_precision_at_20_std": 0.36424730535751165,
        "nauc_precision_at_3_diff1": 0.4177632494088188,
        "nauc_precision_at_3_max": 0.4658598785181062,
        "nauc_precision_at_3_std": 0.10274493439050386,
        "nauc_precision_at_5_diff1": 0.24820444054274363,
        "nauc_precision_at_5_max": 0.4666139293931513,
        "nauc_precision_at_5_std": 0.23827278997863183,
        "nauc_recall_at_1000_diff1": 0.24042950513538225,
        "nauc_recall_at_1000_max": 0.3489729225023396,
        "nauc_recall_at_1000_std": 0.33846872082167134,
        "nauc_recall_at_100_diff1": 0.5368623639932156,
        "nauc_recall_at_100_max": 0.7842184492844757,
        "nauc_recall_at_100_std": 0.42175917986242084,
        "nauc_recall_at_10_diff1": 0.4994816563957842,
        "nauc_recall_at_10_max": 0.5413399593552793,
        "nauc_recall_at_10_std": 0.07990390074131411,
        "nauc_recall_at_1_diff1": 0.6883248286100446,
        "nauc_recall_at_1_max": 0.37355721740309905,
        "nauc_recall_at_1_std": -0.08466732050351011,
        "nauc_recall_at_20_diff1": 0.5243208952593793,
        "nauc_recall_at_20_max": 0.6882845491880603,
        "nauc_recall_at_20_std": 0.16357183283129081,
        "nauc_recall_at_3_diff1": 0.5626593083872197,
        "nauc_recall_at_3_max": 0.46329059701744923,
        "nauc_recall_at_3_std": -0.03142164610637341,
        "nauc_recall_at_5_diff1": 0.4847165667834362,
        "nauc_recall_at_5_max": 0.47967938849397734,
        "nauc_recall_at_5_std": 0.026143056538193703,
        "ndcg_at_1": 0.49667,
        "ndcg_at_10": 0.64401,
        "ndcg_at_100": 0.67075,
        "ndcg_at_1000": 0.68059,
        "ndcg_at_20": 0.65643,
        "ndcg_at_3": 0.58503,
        "ndcg_at_5": 0.62378,
        "precision_at_1": 0.49667,
        "precision_at_10": 0.08967,
        "precision_at_100": 0.01047,
        "precision_at_1000": 0.00112,
        "precision_at_20": 0.04767,
        "precision_at_3": 0.23333,
        "precision_at_5": 0.16333,
        "recall_at_1": 0.47567,
        "recall_at_10": 0.79667,
        "recall_at_100": 0.91833,
        "recall_at_1000": 0.99333,
        "recall_at_20": 0.84233,
        "recall_at_3": 0.6445,
        "recall_at_5": 0.7395
      }
    ]
  },
  "task_name": "SciFact"
}