{
  "dataset_revision": "ec0fa4fe99da2ff19ca1214b7966684033a58814",
  "evaluation_time": 263.4698050022125,
  "kg_co2_emissions": null,
  "mteb_version": "1.14.9",
  "scores": {
    "test": [
      {
        "hf_subset": "default",
        "languages": [
          "eng-Latn"
        ],
        "main_score": 0.26932,
        "map_at_1": 0.03632,
        "map_at_10": 0.08677,
        "map_at_100": 0.11063,
        "map_at_1000": 0.12339,
        "map_at_20": 0.09601,
        "map_at_3": 0.06072,
        "map_at_5": 0.0722,
        "mrr_at_1": 0.3746130030959752,
        "mrr_at_10": 0.45661334709322327,
        "mrr_at_100": 0.4623683575333544,
        "mrr_at_1000": 0.46291860766036247,
        "mrr_at_20": 0.4596952166088025,
        "mrr_at_3": 0.43034055727554177,
        "mrr_at_5": 0.44396284829721366,
        "nauc_map_at_1000_diff1": 0.1754482722637322,
        "nauc_map_at_1000_max": 0.29981702858298603,
        "nauc_map_at_1000_std": 0.25537545998871436,
        "nauc_map_at_100_diff1": 0.18928724408377753,
        "nauc_map_at_100_max": 0.2898652672358089,
        "nauc_map_at_100_std": 0.21933030216010507,
        "nauc_map_at_10_diff1": 0.22204287406281564,
        "nauc_map_at_10_max": 0.24485703429114114,
        "nauc_map_at_10_std": 0.1087755108907756,
        "nauc_map_at_1_diff1": 0.4375068764669572,
        "nauc_map_at_1_max": 0.15361642438385675,
        "nauc_map_at_1_std": -0.10612455876207996,
        "nauc_map_at_20_diff1": 0.20986796758767032,
        "nauc_map_at_20_max": 0.26867405851181614,
        "nauc_map_at_20_std": 0.16077902566574634,
        "nauc_map_at_3_diff1": 0.30931373965562065,
        "nauc_map_at_3_max": 0.1711749417979266,
        "nauc_map_at_3_std": 0.0038959790335040957,
        "nauc_map_at_5_diff1": 0.2627363891284154,
        "nauc_map_at_5_max": 0.20950982211023605,
        "nauc_map_at_5_std": 0.058556281272242196,
        "nauc_mrr_at_1000_diff1": 0.23001912575790262,
        "nauc_mrr_at_1000_max": 0.39929072940750604,
        "nauc_mrr_at_1000_std": 0.21920657158478102,
        "nauc_mrr_at_100_diff1": 0.23009980731111407,
        "nauc_mrr_at_100_max": 0.39956983205703583,
        "nauc_mrr_at_100_std": 0.21961460624260662,
        "nauc_mrr_at_10_diff1": 0.22854791678935465,
        "nauc_mrr_at_10_max": 0.40070996764718037,
        "nauc_mrr_at_10_std": 0.21875005578673873,
        "nauc_mrr_at_1_diff1": 0.2751729492891803,
        "nauc_mrr_at_1_max": 0.34821667604736284,
        "nauc_mrr_at_1_std": 0.14810026642742993,
        "nauc_mrr_at_20_diff1": 0.22867095580359273,
        "nauc_mrr_at_20_max": 0.39955624716864513,
        "nauc_mrr_at_20_std": 0.2200443815947821,
        "nauc_mrr_at_3_diff1": 0.21557109135581162,
        "nauc_mrr_at_3_max": 0.379306711623943,
        "nauc_mrr_at_3_std": 0.1924832050674571,
        "nauc_mrr_at_5_diff1": 0.22176173545071093,
        "nauc_mrr_at_5_max": 0.3904433514697682,
        "nauc_mrr_at_5_std": 0.2093575168397724,
        "nauc_ndcg_at_1000_diff1": 0.1659157919658555,
        "nauc_ndcg_at_1000_max": 0.44652707592057267,
        "nauc_ndcg_at_1000_std": 0.38818237851063386,
        "nauc_ndcg_at_100_diff1": 0.1576120370183084,
        "nauc_ndcg_at_100_max": 0.36588542557430787,
        "nauc_ndcg_at_100_std": 0.3041130981930945,
        "nauc_ndcg_at_10_diff1": 0.11947827267082924,
        "nauc_ndcg_at_10_max": 0.3356100078635729,
        "nauc_ndcg_at_10_std": 0.27308601875626654,
        "nauc_ndcg_at_1_diff1": 0.28420693832101085,
        "nauc_ndcg_at_1_max": 0.3383129313100589,
        "nauc_ndcg_at_1_std": 0.13773392972320692,
        "nauc_ndcg_at_20_diff1": 0.12742049130696043,
        "nauc_ndcg_at_20_max": 0.3259245139909797,
        "nauc_ndcg_at_20_std": 0.2879863247610886,
        "nauc_ndcg_at_3_diff1": 0.15411355714182928,
        "nauc_ndcg_at_3_max": 0.31031522264117556,
        "nauc_ndcg_at_3_std": 0.18848145728552126,
        "nauc_ndcg_at_5_diff1": 0.13556132623841266,
        "nauc_ndcg_at_5_max": 0.3363204580175109,
        "nauc_ndcg_at_5_std": 0.23870088729128203,
        "nauc_precision_at_1000_diff1": -0.11201957213223719,
        "nauc_precision_at_1000_max": 0.052566453560129074,
        "nauc_precision_at_1000_std": 0.2627671473429989,
        "nauc_precision_at_100_diff1": -0.10172001369961771,
        "nauc_precision_at_100_max": 0.17971497494756372,
        "nauc_precision_at_100_std": 0.40207207574908305,
        "nauc_precision_at_10_diff1": -0.03683533804204751,
        "nauc_precision_at_10_max": 0.32193368971883984,
        "nauc_precision_at_10_std": 0.3716090485819461,
        "nauc_precision_at_1_diff1": 0.2751729492891803,
        "nauc_precision_at_1_max": 0.34303813384259907,
        "nauc_precision_at_1_std": 0.13967392864073358,
        "nauc_precision_at_20_diff1": -0.05527279908152047,
        "nauc_precision_at_20_max": 0.2749319521499936,
        "nauc_precision_at_20_std": 0.41151887482239413,
        "nauc_precision_at_3_diff1": 0.056428906894680705,
        "nauc_precision_at_3_max": 0.3106029729210934,
        "nauc_precision_at_3_std": 0.23367855443089897,
        "nauc_precision_at_5_diff1": 0.02297720196119001,
        "nauc_precision_at_5_max": 0.34654868837353714,
        "nauc_precision_at_5_std": 0.3120345072281401,
        "nauc_recall_at_1000_diff1": 0.12259738887777663,
        "nauc_recall_at_1000_max": 0.2866419765813192,
        "nauc_recall_at_1000_std": 0.2840551288540926,
        "nauc_recall_at_100_diff1": 0.1474621638813412,
        "nauc_recall_at_100_max": 0.2592297695129613,
        "nauc_recall_at_100_std": 0.23066094739926754,
        "nauc_recall_at_10_diff1": 0.1670566963433973,
        "nauc_recall_at_10_max": 0.2177726250927923,
        "nauc_recall_at_10_std": 0.12714014597258225,
        "nauc_recall_at_1_diff1": 0.4375068764669572,
        "nauc_recall_at_1_max": 0.15361642438385675,
        "nauc_recall_at_1_std": -0.10612455876207996,
        "nauc_recall_at_20_diff1": 0.16492249857792415,
        "nauc_recall_at_20_max": 0.21648332558788355,
        "nauc_recall_at_20_std": 0.16229523664387724,
        "nauc_recall_at_3_diff1": 0.2526626707854714,
        "nauc_recall_at_3_max": 0.17217232975995717,
        "nauc_recall_at_3_std": 0.012435452156623972,
        "nauc_recall_at_5_diff1": 0.18016374730008625,
        "nauc_recall_at_5_max": 0.1911740559540916,
        "nauc_recall_at_5_std": 0.0988496498960259,
        "ndcg_at_1": 0.36378,
        "ndcg_at_10": 0.26932,
        "ndcg_at_100": 0.24679,
        "ndcg_at_1000": 0.33678,
        "ndcg_at_20": 0.24846,
        "ndcg_at_3": 0.31066,
        "ndcg_at_5": 0.29381,
        "precision_at_1": 0.37461,
        "precision_at_10": 0.20557,
        "precision_at_100": 0.06666,
        "precision_at_1000": 0.0192,
        "precision_at_20": 0.14985,
        "precision_at_3": 0.29309,
        "precision_at_5": 0.25944,
        "recall_at_1": 0.03632,
        "recall_at_10": 0.12439,
        "recall_at_100": 0.25658,
        "recall_at_1000": 0.57709,
        "recall_at_20": 0.15395,
        "recall_at_3": 0.0682,
        "recall_at_5": 0.09148
      }
    ]
  },
  "task_name": "NFCorpus"
}