{
  "dataset_revision": "0228b52cf27578f30900b9e5271d331663a030d7",
  "evaluation_time": 538.0460040569305,
  "kg_co2_emissions": null,
  "mteb_version": "1.14.10",
  "scores": {
    "test": [
      {
        "hf_subset": "default",
        "languages": [
          "eng-Latn"
        ],
        "main_score": 0.64478,
        "map_at_1": 0.479,
        "map_at_10": 0.59454,
        "map_at_100": 0.60128,
        "map_at_1000": 0.60159,
        "map_at_20": 0.59886,
        "map_at_3": 0.56338,
        "map_at_5": 0.58753,
        "mrr_at_1": 0.5,
        "mrr_at_10": 0.6034431216931216,
        "mrr_at_100": 0.6092497902912845,
        "mrr_at_1000": 0.6095670235120212,
        "mrr_at_20": 0.6073250403563871,
        "mrr_at_3": 0.5811111111111111,
        "mrr_at_5": 0.598111111111111,
        "nauc_map_at_1000_diff1": 0.6411653576951555,
        "nauc_map_at_1000_max": 0.40179023304178496,
        "nauc_map_at_1000_std": -0.037393299844527716,
        "nauc_map_at_100_diff1": 0.6411111415159576,
        "nauc_map_at_100_max": 0.40214989498961423,
        "nauc_map_at_100_std": -0.03693976031450981,
        "nauc_map_at_10_diff1": 0.6388283335548961,
        "nauc_map_at_10_max": 0.39751658308847004,
        "nauc_map_at_10_std": -0.04154492500322322,
        "nauc_map_at_1_diff1": 0.6972455423534293,
        "nauc_map_at_1_max": 0.34389870854899035,
        "nauc_map_at_1_std": -0.10787326135139595,
        "nauc_map_at_20_diff1": 0.6407341863188478,
        "nauc_map_at_20_max": 0.40392026671032016,
        "nauc_map_at_20_std": -0.038272885653373424,
        "nauc_map_at_3_diff1": 0.6345426779254563,
        "nauc_map_at_3_max": 0.3706632662552572,
        "nauc_map_at_3_std": -0.09005153043881223,
        "nauc_map_at_5_diff1": 0.6360865377461867,
        "nauc_map_at_5_max": 0.39027737330989887,
        "nauc_map_at_5_std": -0.04732682357549947,
        "nauc_mrr_at_1000_diff1": 0.640441432731729,
        "nauc_mrr_at_1000_max": 0.4055269716975205,
        "nauc_mrr_at_1000_std": -0.012455283502214583,
        "nauc_mrr_at_100_diff1": 0.6403876997660599,
        "nauc_mrr_at_100_max": 0.4058845744857569,
        "nauc_mrr_at_100_std": -0.012026098861258386,
        "nauc_mrr_at_10_diff1": 0.6376008897112194,
        "nauc_mrr_at_10_max": 0.40172909240265336,
        "nauc_mrr_at_10_std": -0.014609226902840042,
        "nauc_mrr_at_1_diff1": 0.6947901399067286,
        "nauc_mrr_at_1_max": 0.3691716633355542,
        "nauc_mrr_at_1_std": -0.05321785476349094,
        "nauc_mrr_at_20_diff1": 0.6395317148881564,
        "nauc_mrr_at_20_max": 0.40710988631371103,
        "nauc_mrr_at_20_std": -0.012894752564232871,
        "nauc_mrr_at_3_diff1": 0.6363487516023557,
        "nauc_mrr_at_3_max": 0.402397403977956,
        "nauc_mrr_at_3_std": -0.03300894028129059,
        "nauc_mrr_at_5_diff1": 0.6366810615010782,
        "nauc_mrr_at_5_max": 0.40065959201905443,
        "nauc_mrr_at_5_std": -0.012388288634558218,
        "nauc_ndcg_at_1000_diff1": 0.6312946514532862,
        "nauc_ndcg_at_1000_max": 0.41646214365585343,
        "nauc_ndcg_at_1000_std": -0.006912522650311579,
        "nauc_ndcg_at_100_diff1": 0.6287707025053814,
        "nauc_ndcg_at_100_max": 0.4272406512203538,
        "nauc_ndcg_at_100_std": 0.005823821505803396,
        "nauc_ndcg_at_10_diff1": 0.6199774388780799,
        "nauc_ndcg_at_10_max": 0.41299587531747034,
        "nauc_ndcg_at_10_std": -0.010279099158373382,
        "nauc_ndcg_at_1_diff1": 0.6947901399067286,
        "nauc_ndcg_at_1_max": 0.3691716633355542,
        "nauc_ndcg_at_1_std": -0.05321785476349094,
        "nauc_ndcg_at_20_diff1": 0.6265507581341762,
        "nauc_ndcg_at_20_max": 0.43723817285009753,
        "nauc_ndcg_at_20_std": -0.0010464430219912222,
        "nauc_ndcg_at_3_diff1": 0.6143798548100291,
        "nauc_ndcg_at_3_max": 0.389208695497255,
        "nauc_ndcg_at_3_std": -0.06792278811936457,
        "nauc_ndcg_at_5_diff1": 0.615453302780548,
        "nauc_ndcg_at_5_max": 0.40409002910556835,
        "nauc_ndcg_at_5_std": -0.012527246661509466,
        "nauc_precision_at_1000_diff1": -0.1985137365758461,
        "nauc_precision_at_1000_max": 0.17403449681562777,
        "nauc_precision_at_1000_std": 0.48314922111509884,
        "nauc_precision_at_100_diff1": -0.031619362313419386,
        "nauc_precision_at_100_max": 0.29797326433807647,
        "nauc_precision_at_100_std": 0.45599214451596815,
        "nauc_precision_at_10_diff1": 0.21764224277539834,
        "nauc_precision_at_10_max": 0.39443354806204284,
        "nauc_precision_at_10_std": 0.31510238600784507,
        "nauc_precision_at_1_diff1": 0.6947901399067286,
        "nauc_precision_at_1_max": 0.3691716633355542,
        "nauc_precision_at_1_std": -0.05321785476349094,
        "nauc_precision_at_20_diff1": 0.15236343855156023,
        "nauc_precision_at_20_max": 0.4497056232458947,
        "nauc_precision_at_20_std": 0.37441449594900944,
        "nauc_precision_at_3_diff1": 0.4495547211355098,
        "nauc_precision_at_3_max": 0.4133229795348651,
        "nauc_precision_at_3_std": 0.04200169068354694,
        "nauc_precision_at_5_diff1": 0.27855585149169637,
        "nauc_precision_at_5_max": 0.4014577337647243,
        "nauc_precision_at_5_std": 0.2748690631535663,
        "nauc_recall_at_1000_diff1": 0.4561157796451869,
        "nauc_recall_at_1000_max": 0.15289449112978096,
        "nauc_recall_at_1000_std": 0.4561157796451869,
        "nauc_recall_at_100_diff1": 0.5426746456158218,
        "nauc_recall_at_100_max": 0.6783380018674148,
        "nauc_recall_at_100_std": 0.3697691197691195,
        "nauc_recall_at_10_diff1": 0.5432593343256162,
        "nauc_recall_at_10_max": 0.4636404661620799,
        "nauc_recall_at_10_std": 0.071330398707921,
        "nauc_recall_at_1_diff1": 0.6972455423534293,
        "nauc_recall_at_1_max": 0.34389870854899035,
        "nauc_recall_at_1_std": -0.10787326135139595,
        "nauc_recall_at_20_diff1": 0.561761577600828,
        "nauc_recall_at_20_max": 0.6295670796561931,
        "nauc_recall_at_20_std": 0.14164466200427867,
        "nauc_recall_at_3_diff1": 0.5409997657148363,
        "nauc_recall_at_3_max": 0.3905191499836219,
        "nauc_recall_at_3_std": -0.07453000160881337,
        "nauc_recall_at_5_diff1": 0.5319473158777028,
        "nauc_recall_at_5_max": 0.4299056125251171,
        "nauc_recall_at_5_std": 0.07215374748429307,
        "ndcg_at_1": 0.5,
        "ndcg_at_10": 0.64478,
        "ndcg_at_100": 0.67556,
        "ndcg_at_1000": 0.68409,
        "ndcg_at_20": 0.65925,
        "ndcg_at_3": 0.59417,
        "ndcg_at_5": 0.62937,
        "precision_at_1": 0.5,
        "precision_at_10": 0.08867,
        "precision_at_100": 0.01057,
        "precision_at_1000": 0.00112,
        "precision_at_20": 0.04767,
        "precision_at_3": 0.23556,
        "precision_at_5": 0.16533,
        "recall_at_1": 0.479,
        "recall_at_10": 0.78667,
        "recall_at_100": 0.92667,
        "recall_at_1000": 0.99333,
        "recall_at_20": 0.84067,
        "recall_at_3": 0.65883,
        "recall_at_5": 0.74072
      }
    ]
  },
  "task_name": "SciFact"
}