{
  "dataset_revision": "ec0fa4fe99da2ff19ca1214b7966684033a58814",
  "evaluation_time": 9.054546356201172,
  "kg_co2_emissions": null,
  "mteb_version": "1.14.10",
  "scores": {
    "test": [
      {
        "hf_subset": "default",
        "languages": [
          "eng-Latn"
        ],
        "main_score": 0.30205,
        "map_at_1": 0.04108,
        "map_at_10": 0.104,
        "map_at_100": 0.13414,
        "map_at_1000": 0.14824,
        "map_at_20": 0.11599,
        "map_at_3": 0.072,
        "map_at_5": 0.08591,
        "mrr_at_1": 0.4055727554179567,
        "mrr_at_10": 0.49620005897095676,
        "mrr_at_100": 0.5020506524780468,
        "mrr_at_1000": 0.5025832911350181,
        "mrr_at_20": 0.4998687862218138,
        "mrr_at_3": 0.4736842105263159,
        "mrr_at_5": 0.4859133126934985,
        "nauc_map_at_1000_diff1": 0.10642305669464301,
        "nauc_map_at_1000_max": 0.2580480677746297,
        "nauc_map_at_1000_std": 0.20513485434937848,
        "nauc_map_at_100_diff1": 0.12230677082060845,
        "nauc_map_at_100_max": 0.24464191480693895,
        "nauc_map_at_100_std": 0.1683174265917851,
        "nauc_map_at_10_diff1": 0.1685086592454418,
        "nauc_map_at_10_max": 0.18748125936600757,
        "nauc_map_at_10_std": 0.04936918525732394,
        "nauc_map_at_1_diff1": 0.33365591939368155,
        "nauc_map_at_1_max": 0.06319721494703891,
        "nauc_map_at_1_std": -0.11526180089083245,
        "nauc_map_at_20_diff1": 0.14209932745316298,
        "nauc_map_at_20_max": 0.2138327279008039,
        "nauc_map_at_20_std": 0.09909152905299433,
        "nauc_map_at_3_diff1": 0.2503867358419183,
        "nauc_map_at_3_max": 0.12449519285727412,
        "nauc_map_at_3_std": -0.028943493335937875,
        "nauc_map_at_5_diff1": 0.21759783768802815,
        "nauc_map_at_5_max": 0.15875490166606107,
        "nauc_map_at_5_std": -0.00031393752960373,
        "nauc_mrr_at_1000_diff1": 0.30045741373541723,
        "nauc_mrr_at_1000_max": 0.43149827812934205,
        "nauc_mrr_at_1000_std": 0.22167585293557493,
        "nauc_mrr_at_100_diff1": 0.3007258302343506,
        "nauc_mrr_at_100_max": 0.43187235413228015,
        "nauc_mrr_at_100_std": 0.2222326654694181,
        "nauc_mrr_at_10_diff1": 0.30213086012681173,
        "nauc_mrr_at_10_max": 0.4292260003403131,
        "nauc_mrr_at_10_std": 0.21828279434795667,
        "nauc_mrr_at_1_diff1": 0.28576282538739783,
        "nauc_mrr_at_1_max": 0.370352219590873,
        "nauc_mrr_at_1_std": 0.14836011897166548,
        "nauc_mrr_at_20_diff1": 0.30081766821988515,
        "nauc_mrr_at_20_max": 0.4304124479972536,
        "nauc_mrr_at_20_std": 0.22071742302630182,
        "nauc_mrr_at_3_diff1": 0.29537859318374876,
        "nauc_mrr_at_3_max": 0.41909661974382123,
        "nauc_mrr_at_3_std": 0.2020136714528645,
        "nauc_mrr_at_5_diff1": 0.3068627720224401,
        "nauc_mrr_at_5_max": 0.4295359170391176,
        "nauc_mrr_at_5_std": 0.2138530580758615,
        "nauc_ndcg_at_1000_diff1": 0.12699770437746652,
        "nauc_ndcg_at_1000_max": 0.4308006817054445,
        "nauc_ndcg_at_1000_std": 0.3709815376468601,
        "nauc_ndcg_at_100_diff1": 0.13351438639736954,
        "nauc_ndcg_at_100_max": 0.34856561429244126,
        "nauc_ndcg_at_100_std": 0.28551219967211683,
        "nauc_ndcg_at_10_diff1": 0.1343132965763929,
        "nauc_ndcg_at_10_max": 0.33213189695653766,
        "nauc_ndcg_at_10_std": 0.2632790707671689,
        "nauc_ndcg_at_1_diff1": 0.3004684616189731,
        "nauc_ndcg_at_1_max": 0.35162039083877167,
        "nauc_ndcg_at_1_std": 0.12119516709270498,
        "nauc_ndcg_at_20_diff1": 0.10845562058513687,
        "nauc_ndcg_at_20_max": 0.31591474372537764,
        "nauc_ndcg_at_20_std": 0.26784963712757803,
        "nauc_ndcg_at_3_diff1": 0.20500448044679204,
        "nauc_ndcg_at_3_max": 0.33925892669651886,
        "nauc_ndcg_at_3_std": 0.19339361820979242,
        "nauc_ndcg_at_5_diff1": 0.1767913506649466,
        "nauc_ndcg_at_5_max": 0.348349029840201,
        "nauc_ndcg_at_5_std": 0.229617032247231,
        "nauc_precision_at_1000_diff1": -0.14631149985634048,
        "nauc_precision_at_1000_max": 0.09326129382482932,
        "nauc_precision_at_1000_std": 0.2890801736369021,
        "nauc_precision_at_100_diff1": -0.11571680457479701,
        "nauc_precision_at_100_max": 0.20915703123955526,
        "nauc_precision_at_100_std": 0.4096860507874629,
        "nauc_precision_at_10_diff1": -0.011559614673228039,
        "nauc_precision_at_10_max": 0.34619186292868787,
        "nauc_precision_at_10_std": 0.3795614390358761,
        "nauc_precision_at_1_diff1": 0.2940025785374323,
        "nauc_precision_at_1_max": 0.37302360548210933,
        "nauc_precision_at_1_std": 0.13839699961333973,
        "nauc_precision_at_20_diff1": -0.07816015822743562,
        "nauc_precision_at_20_max": 0.2997420113684022,
        "nauc_precision_at_20_std": 0.4157567462493929,
        "nauc_precision_at_3_diff1": 0.140346579136402,
        "nauc_precision_at_3_max": 0.36940031776311033,
        "nauc_precision_at_3_std": 0.2558916642613217,
        "nauc_precision_at_5_diff1": 0.08103542908262515,
        "nauc_precision_at_5_max": 0.3782076618588567,
        "nauc_precision_at_5_std": 0.3101482347573201,
        "nauc_recall_at_1000_diff1": 0.009805823493577448,
        "nauc_recall_at_1000_max": 0.24764739002254538,
        "nauc_recall_at_1000_std": 0.2547838779790213,
        "nauc_recall_at_100_diff1": 0.10314103624509414,
        "nauc_recall_at_100_max": 0.2353804702411636,
        "nauc_recall_at_100_std": 0.20300782001271164,
        "nauc_recall_at_10_diff1": 0.13671229943639343,
        "nauc_recall_at_10_max": 0.13383995340043367,
        "nauc_recall_at_10_std": 0.033073167684645535,
        "nauc_recall_at_1_diff1": 0.33365591939368155,
        "nauc_recall_at_1_max": 0.06319721494703891,
        "nauc_recall_at_1_std": -0.11526180089083245,
        "nauc_recall_at_20_diff1": 0.09062906453154629,
        "nauc_recall_at_20_max": 0.14418461357224885,
        "nauc_recall_at_20_std": 0.06779354317513284,
        "nauc_recall_at_3_diff1": 0.22675617395330144,
        "nauc_recall_at_3_max": 0.11932412346744734,
        "nauc_recall_at_3_std": -0.01445485276679941,
        "nauc_recall_at_5_diff1": 0.1950414218430672,
        "nauc_recall_at_5_max": 0.15437828105773166,
        "nauc_recall_at_5_std": 0.017216787359646765,
        "ndcg_at_1": 0.38545,
        "ndcg_at_10": 0.30205,
        "ndcg_at_100": 0.28157,
        "ndcg_at_1000": 0.37229,
        "ndcg_at_20": 0.28313,
        "ndcg_at_3": 0.35149,
        "ndcg_at_5": 0.32742,
        "precision_at_1": 0.40248,
        "precision_at_10": 0.22941,
        "precision_at_100": 0.07607,
        "precision_at_1000": 0.02055,
        "precision_at_20": 0.17121,
        "precision_at_3": 0.33953,
        "precision_at_5": 0.28793,
        "recall_at_1": 0.04108,
        "recall_at_10": 0.15074,
        "recall_at_100": 0.29382,
        "recall_at_1000": 0.62429,
        "recall_at_20": 0.18744,
        "recall_at_3": 0.08435,
        "recall_at_5": 0.10912
      }
    ]
  },
  "task_name": "NFCorpus"
}