{
  "dataset_revision": "0228b52cf27578f30900b9e5271d331663a030d7",
  "evaluation_time": 5.3255510330200195,
  "kg_co2_emissions": null,
  "mteb_version": "1.14.10",
  "scores": {
    "test": [
      {
        "hf_subset": "default",
        "languages": [
          "eng-Latn"
        ],
        "main_score": 0.64508,
        "map_at_1": 0.48233,
        "map_at_10": 0.59593,
        "map_at_100": 0.60307,
        "map_at_1000": 0.60343,
        "map_at_20": 0.60051,
        "map_at_3": 0.56564,
        "map_at_5": 0.58826,
        "mrr_at_1": 0.5033333333333333,
        "mrr_at_10": 0.6047248677248677,
        "mrr_at_100": 0.6109678843408567,
        "mrr_at_1000": 0.6112957148852508,
        "mrr_at_20": 0.6088678927281869,
        "mrr_at_3": 0.5833333333333335,
        "mrr_at_5": 0.5996666666666666,
        "nauc_map_at_1000_diff1": 0.6553371810487204,
        "nauc_map_at_1000_max": 0.4112392784125913,
        "nauc_map_at_1000_std": -0.0387475349510436,
        "nauc_map_at_100_diff1": 0.6552689324621863,
        "nauc_map_at_100_max": 0.41166902914357106,
        "nauc_map_at_100_std": -0.03818958320116588,
        "nauc_map_at_10_diff1": 0.6524840006978826,
        "nauc_map_at_10_max": 0.40686207768852817,
        "nauc_map_at_10_std": -0.04276965094766603,
        "nauc_map_at_1_diff1": 0.7032992688523815,
        "nauc_map_at_1_max": 0.3424948695720914,
        "nauc_map_at_1_std": -0.11232578956921171,
        "nauc_map_at_20_diff1": 0.6553349095913481,
        "nauc_map_at_20_max": 0.4136112936260234,
        "nauc_map_at_20_std": -0.038538361369464716,
        "nauc_map_at_3_diff1": 0.6493199839943165,
        "nauc_map_at_3_max": 0.3811516460460276,
        "nauc_map_at_3_std": -0.08457797485846413,
        "nauc_map_at_5_diff1": 0.6531038741297568,
        "nauc_map_at_5_max": 0.4003530584466319,
        "nauc_map_at_5_std": -0.053989667614798766,
        "nauc_mrr_at_1000_diff1": 0.6534088202694179,
        "nauc_mrr_at_1000_max": 0.413117435195357,
        "nauc_mrr_at_1000_std": -0.013444984286388652,
        "nauc_mrr_at_100_diff1": 0.6533102265352803,
        "nauc_mrr_at_100_max": 0.41347936394748736,
        "nauc_mrr_at_100_std": -0.012992197208981537,
        "nauc_mrr_at_10_diff1": 0.6500454107964089,
        "nauc_mrr_at_10_max": 0.4092081751900601,
        "nauc_mrr_at_10_std": -0.015533101633335034,
        "nauc_mrr_at_1_diff1": 0.7005165275444216,
        "nauc_mrr_at_1_max": 0.3671757664350688,
        "nauc_mrr_at_1_std": -0.05959007589701519,
        "nauc_mrr_at_20_diff1": 0.6528827494785149,
        "nauc_mrr_at_20_max": 0.4148904659151408,
        "nauc_mrr_at_20_std": -0.012754935102984585,
        "nauc_mrr_at_3_diff1": 0.6489731085641671,
        "nauc_mrr_at_3_max": 0.4072563144127864,
        "nauc_mrr_at_3_std": -0.02815308067430768,
        "nauc_mrr_at_5_diff1": 0.6501310121507632,
        "nauc_mrr_at_5_max": 0.40870205679753563,
        "nauc_mrr_at_5_std": -0.013677114280538158,
        "nauc_ndcg_at_1000_diff1": 0.6439304722967492,
        "nauc_ndcg_at_1000_max": 0.4257972561121531,
        "nauc_ndcg_at_1000_std": -0.00778741044935179,
        "nauc_ndcg_at_100_diff1": 0.6405745224530356,
        "nauc_ndcg_at_100_max": 0.43710433639871127,
        "nauc_ndcg_at_100_std": 0.006307899272459684,
        "nauc_ndcg_at_10_diff1": 0.630348860438773,
        "nauc_ndcg_at_10_max": 0.42182690997450245,
        "nauc_ndcg_at_10_std": -0.00982974675062425,
        "nauc_ndcg_at_1_diff1": 0.7005165275444216,
        "nauc_ndcg_at_1_max": 0.3671757664350688,
        "nauc_ndcg_at_1_std": -0.05959007589701519,
        "nauc_ndcg_at_20_diff1": 0.6398324281609219,
        "nauc_ndcg_at_20_max": 0.4472339278086675,
        "nauc_ndcg_at_20_std": 0.0052198523664611675,
        "nauc_ndcg_at_3_diff1": 0.6275087928022451,
        "nauc_ndcg_at_3_max": 0.3998400000013474,
        "nauc_ndcg_at_3_std": -0.0553132269430037,
        "nauc_ndcg_at_5_diff1": 0.6324042711069168,
        "nauc_ndcg_at_5_max": 0.41490351051038177,
        "nauc_ndcg_at_5_std": -0.020891085914243674,
        "nauc_precision_at_1000_diff1": -0.20763581199836864,
        "nauc_precision_at_1000_max": 0.16441120845780138,
        "nauc_precision_at_1000_std": 0.47416748531446096,
        "nauc_precision_at_100_diff1": -0.034463576158940655,
        "nauc_precision_at_100_max": 0.3077827814569534,
        "nauc_precision_at_100_std": 0.4687417218543046,
        "nauc_precision_at_10_diff1": 0.21554393034403546,
        "nauc_precision_at_10_max": 0.39513855693499444,
        "nauc_precision_at_10_std": 0.3130676411592053,
        "nauc_precision_at_1_diff1": 0.7005165275444216,
        "nauc_precision_at_1_max": 0.3671757664350688,
        "nauc_precision_at_1_std": -0.05959007589701519,
        "nauc_precision_at_20_diff1": 0.1548554552004156,
        "nauc_precision_at_20_max": 0.44962760450214395,
        "nauc_precision_at_20_std": 0.3931838025850593,
        "nauc_precision_at_3_diff1": 0.44290512989786734,
        "nauc_precision_at_3_max": 0.42198846646732074,
        "nauc_precision_at_3_std": 0.08379771659353039,
        "nauc_precision_at_5_diff1": 0.30980316016235326,
        "nauc_precision_at_5_max": 0.423520002958607,
        "nauc_precision_at_5_std": 0.24735805619504578,
        "nauc_recall_at_1000_diff1": 0.3580765639589174,
        "nauc_recall_at_1000_max": 0.15289449112978096,
        "nauc_recall_at_1000_std": 0.33846872082167134,
        "nauc_recall_at_100_diff1": 0.5222118477020435,
        "nauc_recall_at_100_max": 0.6862952588442789,
        "nauc_recall_at_100_std": 0.3776014109347432,
        "nauc_recall_at_10_diff1": 0.536646982910328,
        "nauc_recall_at_10_max": 0.46846818661765316,
        "nauc_recall_at_10_std": 0.07851941652653405,
        "nauc_recall_at_1_diff1": 0.7032992688523815,
        "nauc_recall_at_1_max": 0.3424948695720914,
        "nauc_recall_at_1_std": -0.11232578956921171,
        "nauc_recall_at_20_diff1": 0.5674181186634651,
        "nauc_recall_at_20_max": 0.6376337824986702,
        "nauc_recall_at_20_std": 0.1941024886768429,
        "nauc_recall_at_3_diff1": 0.5533547405842321,
        "nauc_recall_at_3_max": 0.40193285223295416,
        "nauc_recall_at_3_std": -0.048246024334741636,
        "nauc_recall_at_5_diff1": 0.5482283047081546,
        "nauc_recall_at_5_max": 0.44300624977686626,
        "nauc_recall_at_5_std": 0.05264762430025316,
        "ndcg_at_1": 0.50333,
        "ndcg_at_10": 0.64508,
        "ndcg_at_100": 0.67665,
        "ndcg_at_1000": 0.68552,
        "ndcg_at_20": 0.65988,
        "ndcg_at_3": 0.59673,
        "ndcg_at_5": 0.62928,
        "precision_at_1": 0.50333,
        "precision_at_10": 0.08833,
        "precision_at_100": 0.01053,
        "precision_at_1000": 0.00112,
        "precision_at_20": 0.0475,
        "precision_at_3": 0.23778,
        "precision_at_5": 0.164,
        "recall_at_1": 0.48233,
        "recall_at_10": 0.78333,
        "recall_at_100": 0.925,
        "recall_at_1000": 0.99333,
        "recall_at_20": 0.83733,
        "recall_at_3": 0.66033,
        "recall_at_5": 0.73794
      }
    ]
  },
  "task_name": "SciFact"
}