{
  "dataset_revision": "0228b52cf27578f30900b9e5271d331663a030d7",
  "evaluation_time": 531.33238530159,
  "kg_co2_emissions": null,
  "mteb_version": "1.14.10",
  "scores": {
    "test": [
      {
        "hf_subset": "default",
        "languages": [
          "eng-Latn"
        ],
        "main_score": 0.64763,
        "map_at_1": 0.489,
        "map_at_10": 0.59966,
        "map_at_100": 0.6068,
        "map_at_1000": 0.60716,
        "map_at_20": 0.60426,
        "map_at_3": 0.56897,
        "map_at_5": 0.59109,
        "mrr_at_1": 0.51,
        "mrr_at_10": 0.6079285714285714,
        "mrr_at_100": 0.6141272937356007,
        "mrr_at_1000": 0.6144594217102493,
        "mrr_at_20": 0.6120607031857032,
        "mrr_at_3": 0.5861111111111112,
        "mrr_at_5": 0.6019444444444444,
        "nauc_map_at_1000_diff1": 0.6432921804027705,
        "nauc_map_at_1000_max": 0.40061273530676866,
        "nauc_map_at_1000_std": -0.04325827615058513,
        "nauc_map_at_100_diff1": 0.6432308263282747,
        "nauc_map_at_100_max": 0.4010365014997016,
        "nauc_map_at_100_std": -0.04268595396420392,
        "nauc_map_at_10_diff1": 0.6396581858835386,
        "nauc_map_at_10_max": 0.3966363584416809,
        "nauc_map_at_10_std": -0.04487397541133315,
        "nauc_map_at_1_diff1": 0.6809682430587037,
        "nauc_map_at_1_max": 0.32338895114929184,
        "nauc_map_at_1_std": -0.12684460290935518,
        "nauc_map_at_20_diff1": 0.643059172608539,
        "nauc_map_at_20_max": 0.4029887204779644,
        "nauc_map_at_20_std": -0.043124540132577556,
        "nauc_map_at_3_diff1": 0.6375282015999635,
        "nauc_map_at_3_max": 0.36802761167927067,
        "nauc_map_at_3_std": -0.09397337638046108,
        "nauc_map_at_5_diff1": 0.6421525082311028,
        "nauc_map_at_5_max": 0.3913119065152551,
        "nauc_map_at_5_std": -0.05551296813502266,
        "nauc_mrr_at_1000_diff1": 0.6410050250783933,
        "nauc_mrr_at_1000_max": 0.40467754820959173,
        "nauc_mrr_at_1000_std": -0.018139534437684002,
        "nauc_mrr_at_100_diff1": 0.6409130968253351,
        "nauc_mrr_at_100_max": 0.4050454588726629,
        "nauc_mrr_at_100_std": -0.017670795127870807,
        "nauc_mrr_at_10_diff1": 0.6368066495229634,
        "nauc_mrr_at_10_max": 0.40108448213383147,
        "nauc_mrr_at_10_std": -0.017734682738291995,
        "nauc_mrr_at_1_diff1": 0.6809768049217186,
        "nauc_mrr_at_1_max": 0.35340073323191934,
        "nauc_mrr_at_1_std": -0.07431040749565859,
        "nauc_mrr_at_20_diff1": 0.6402197613224908,
        "nauc_mrr_at_20_max": 0.4064294591891462,
        "nauc_mrr_at_20_std": -0.017484196186615335,
        "nauc_mrr_at_3_diff1": 0.6379786428574382,
        "nauc_mrr_at_3_max": 0.3986081862150854,
        "nauc_mrr_at_3_std": -0.038051460701120574,
        "nauc_mrr_at_5_diff1": 0.6391852664186173,
        "nauc_mrr_at_5_max": 0.401846622112619,
        "nauc_mrr_at_5_std": -0.015607134185846807,
        "nauc_ndcg_at_1000_diff1": 0.6328829786800327,
        "nauc_ndcg_at_1000_max": 0.4168559158335735,
        "nauc_ndcg_at_1000_std": -0.011183610226570816,
        "nauc_ndcg_at_100_diff1": 0.6299070990606807,
        "nauc_ndcg_at_100_max": 0.42808732739633687,
        "nauc_ndcg_at_100_std": 0.0027445782373324065,
        "nauc_ndcg_at_10_diff1": 0.6171577842379158,
        "nauc_ndcg_at_10_max": 0.41468566522545797,
        "nauc_ndcg_at_10_std": -0.0047215430566804484,
        "nauc_ndcg_at_1_diff1": 0.6809768049217186,
        "nauc_ndcg_at_1_max": 0.35340073323191934,
        "nauc_ndcg_at_1_std": -0.07431040749565859,
        "nauc_ndcg_at_20_diff1": 0.6283438197305355,
        "nauc_ndcg_at_20_max": 0.4386478275709784,
        "nauc_ndcg_at_20_std": 0.0017148341173840937,
        "nauc_ndcg_at_3_diff1": 0.6190386465131927,
        "nauc_ndcg_at_3_max": 0.3904861145388443,
        "nauc_ndcg_at_3_std": -0.06425727046763373,
        "nauc_ndcg_at_5_diff1": 0.6249561448066373,
        "nauc_ndcg_at_5_max": 0.41022970572082756,
        "nauc_ndcg_at_5_std": -0.016481216696490247,
        "nauc_precision_at_1000_diff1": -0.19921543468527111,
        "nauc_precision_at_1000_max": 0.19154353535556087,
        "nauc_precision_at_1000_std": 0.47416748531446096,
        "nauc_precision_at_100_diff1": -0.027549668874172213,
        "nauc_precision_at_100_max": 0.3261403973509932,
        "nauc_precision_at_100_std": 0.4660715231788085,
        "nauc_precision_at_10_diff1": 0.21125967754184827,
        "nauc_precision_at_10_max": 0.41363366287978603,
        "nauc_precision_at_10_std": 0.33531537729569405,
        "nauc_precision_at_1_diff1": 0.6809768049217186,
        "nauc_precision_at_1_max": 0.35340073323191934,
        "nauc_precision_at_1_std": -0.07431040749565859,
        "nauc_precision_at_20_diff1": 0.15657310259603321,
        "nauc_precision_at_20_max": 0.4661599606849591,
        "nauc_precision_at_20_std": 0.39077909623119556,
        "nauc_precision_at_3_diff1": 0.44833610849682654,
        "nauc_precision_at_3_max": 0.42677188156084833,
        "nauc_precision_at_3_std": 0.07674895629720815,
        "nauc_precision_at_5_diff1": 0.325164530654659,
        "nauc_precision_at_5_max": 0.4477603777368602,
        "nauc_precision_at_5_std": 0.262693015878803,
        "nauc_recall_at_1000_diff1": 0.3580765639589174,
        "nauc_recall_at_1000_max": 0.15289449112978096,
        "nauc_recall_at_1000_std": 0.33846872082167134,
        "nauc_recall_at_100_diff1": 0.523145554518103,
        "nauc_recall_at_100_max": 0.6768544454818978,
        "nauc_recall_at_100_std": 0.36714389459487506,
        "nauc_recall_at_10_diff1": 0.5192913847718116,
        "nauc_recall_at_10_max": 0.4712838762660833,
        "nauc_recall_at_10_std": 0.11746978999648044,
        "nauc_recall_at_1_diff1": 0.6809682430587037,
        "nauc_recall_at_1_max": 0.32338895114929184,
        "nauc_recall_at_1_std": -0.12684460290935518,
        "nauc_recall_at_20_diff1": 0.5583515336632234,
        "nauc_recall_at_20_max": 0.6330501200818817,
        "nauc_recall_at_20_std": 0.18902520107670806,
        "nauc_recall_at_3_diff1": 0.5553573985077547,
        "nauc_recall_at_3_max": 0.3971204719693931,
        "nauc_recall_at_3_std": -0.055415599120776704,
        "nauc_recall_at_5_diff1": 0.5572589319907962,
        "nauc_recall_at_5_max": 0.4527312673757322,
        "nauc_recall_at_5_std": 0.07874461987543026,
        "ndcg_at_1": 0.51,
        "ndcg_at_10": 0.64763,
        "ndcg_at_100": 0.67917,
        "ndcg_at_1000": 0.68806,
        "ndcg_at_20": 0.66243,
        "ndcg_at_3": 0.59823,
        "ndcg_at_5": 0.62964,
        "precision_at_1": 0.51,
        "precision_at_10": 0.08833,
        "precision_at_100": 0.01053,
        "precision_at_1000": 0.00112,
        "precision_at_20": 0.0475,
        "precision_at_3": 0.23667,
        "precision_at_5": 0.16267,
        "recall_at_1": 0.489,
        "recall_at_10": 0.78333,
        "recall_at_100": 0.925,
        "recall_at_1000": 0.99333,
        "recall_at_20": 0.83733,
        "recall_at_3": 0.657,
        "recall_at_5": 0.73128
      }
    ]
  },
  "task_name": "SciFact"
}