{
  "dataset_revision": "0228b52cf27578f30900b9e5271d331663a030d7",
  "evaluation_time": 551.6047606468201,
  "kg_co2_emissions": null,
  "mteb_version": "1.14.10",
  "scores": {
    "test": [
      {
        "hf_subset": "default",
        "languages": [
          "eng-Latn"
        ],
        "main_score": 0.59765,
        "map_at_1": 0.43456,
        "map_at_10": 0.54546,
        "map_at_100": 0.55218,
        "map_at_1000": 0.55261,
        "map_at_20": 0.54927,
        "map_at_3": 0.51425,
        "map_at_5": 0.53164,
        "mrr_at_1": 0.4533333333333333,
        "mrr_at_10": 0.5543835978835978,
        "mrr_at_100": 0.5598566685661397,
        "mrr_at_1000": 0.5602689185960197,
        "mrr_at_20": 0.5574138546638547,
        "mrr_at_3": 0.5316666666666666,
        "mrr_at_5": 0.5441666666666668,
        "nauc_map_at_1000_diff1": 0.5718979659827239,
        "nauc_map_at_1000_max": 0.43042796483949197,
        "nauc_map_at_1000_std": 0.06958247572538429,
        "nauc_map_at_100_diff1": 0.5714475821631444,
        "nauc_map_at_100_max": 0.4303141873572221,
        "nauc_map_at_100_std": 0.06993450560632819,
        "nauc_map_at_10_diff1": 0.5700144935600449,
        "nauc_map_at_10_max": 0.4308488485700036,
        "nauc_map_at_10_std": 0.07045600045156453,
        "nauc_map_at_1_diff1": 0.6312036619061521,
        "nauc_map_at_1_max": 0.34817430786751996,
        "nauc_map_at_1_std": -0.031740350510543254,
        "nauc_map_at_20_diff1": 0.5708338598155449,
        "nauc_map_at_20_max": 0.4315446125545003,
        "nauc_map_at_20_std": 0.06967173270002364,
        "nauc_map_at_3_diff1": 0.5688331628583326,
        "nauc_map_at_3_max": 0.4040201166806388,
        "nauc_map_at_3_std": 0.02634615642212747,
        "nauc_map_at_5_diff1": 0.5739911407138791,
        "nauc_map_at_5_max": 0.4305464089623562,
        "nauc_map_at_5_std": 0.06266569925168268,
        "nauc_mrr_at_1000_diff1": 0.578560036021233,
        "nauc_mrr_at_1000_max": 0.4422557059204495,
        "nauc_mrr_at_1000_std": 0.08239144727870125,
        "nauc_mrr_at_100_diff1": 0.5781096476805481,
        "nauc_mrr_at_100_max": 0.44210021952827694,
        "nauc_mrr_at_100_std": 0.08267901648399188,
        "nauc_mrr_at_10_diff1": 0.5771108912392117,
        "nauc_mrr_at_10_max": 0.443011765560433,
        "nauc_mrr_at_10_std": 0.08564057760196232,
        "nauc_mrr_at_1_diff1": 0.6413394979723116,
        "nauc_mrr_at_1_max": 0.38338606488602994,
        "nauc_mrr_at_1_std": -0.004579779051880834,
        "nauc_mrr_at_20_diff1": 0.5776683745192284,
        "nauc_mrr_at_20_max": 0.4432791005730911,
        "nauc_mrr_at_20_std": 0.08335454041369841,
        "nauc_mrr_at_3_diff1": 0.5762651714658013,
        "nauc_mrr_at_3_max": 0.4379637815574698,
        "nauc_mrr_at_3_std": 0.06718163860820017,
        "nauc_mrr_at_5_diff1": 0.5800680272923484,
        "nauc_mrr_at_5_max": 0.4481570319950215,
        "nauc_mrr_at_5_std": 0.0845119155538683,
        "nauc_ndcg_at_1000_diff1": 0.5607071397710714,
        "nauc_ndcg_at_1000_max": 0.4495102986640657,
        "nauc_ndcg_at_1000_std": 0.10346145904863265,
        "nauc_ndcg_at_100_diff1": 0.5508594480268054,
        "nauc_ndcg_at_100_max": 0.45039200331822316,
        "nauc_ndcg_at_100_std": 0.11558478502300212,
        "nauc_ndcg_at_10_diff1": 0.5482485764282612,
        "nauc_ndcg_at_10_max": 0.4555992259080548,
        "nauc_ndcg_at_10_std": 0.11416059381583266,
        "nauc_ndcg_at_1_diff1": 0.6413394979723116,
        "nauc_ndcg_at_1_max": 0.38338606488602994,
        "nauc_ndcg_at_1_std": -0.004579779051880834,
        "nauc_ndcg_at_20_diff1": 0.5508871838509068,
        "nauc_ndcg_at_20_max": 0.4587252268989505,
        "nauc_ndcg_at_20_std": 0.11068510761071074,
        "nauc_ndcg_at_3_diff1": 0.5493649223106558,
        "nauc_ndcg_at_3_max": 0.4301009923798374,
        "nauc_ndcg_at_3_std": 0.0559241628841987,
        "nauc_ndcg_at_5_diff1": 0.5580944630087733,
        "nauc_ndcg_at_5_max": 0.462987281962242,
        "nauc_ndcg_at_5_std": 0.10619995254557096,
        "nauc_precision_at_1000_diff1": -0.07457244830613236,
        "nauc_precision_at_1000_max": 0.22134650750017573,
        "nauc_precision_at_1000_std": 0.4179850445012593,
        "nauc_precision_at_100_diff1": 0.05283733488332818,
        "nauc_precision_at_100_max": 0.3105787169415096,
        "nauc_precision_at_100_std": 0.42355648888597214,
        "nauc_precision_at_10_diff1": 0.2223366270862738,
        "nauc_precision_at_10_max": 0.4412106617952337,
        "nauc_precision_at_10_std": 0.3631902349912813,
        "nauc_precision_at_1_diff1": 0.6413394979723116,
        "nauc_precision_at_1_max": 0.38338606488602994,
        "nauc_precision_at_1_std": -0.004579779051880834,
        "nauc_precision_at_20_diff1": 0.17542781958320017,
        "nauc_precision_at_20_max": 0.4151437548509739,
        "nauc_precision_at_20_std": 0.3630749052633324,
        "nauc_precision_at_3_diff1": 0.40372788887071265,
        "nauc_precision_at_3_max": 0.4678871906873508,
        "nauc_precision_at_3_std": 0.17474479081467909,
        "nauc_precision_at_5_diff1": 0.3380396946057535,
        "nauc_precision_at_5_max": 0.5136704633252744,
        "nauc_precision_at_5_std": 0.3271731093553988,
        "nauc_recall_at_1000_diff1": 0.3475256769374391,
        "nauc_recall_at_1000_max": 0.5948646125116692,
        "nauc_recall_at_1000_std": 0.5295051353874891,
        "nauc_recall_at_100_diff1": 0.3613554702019581,
        "nauc_recall_at_100_max": 0.513642808959374,
        "nauc_recall_at_100_std": 0.41333856468288427,
        "nauc_recall_at_10_diff1": 0.4466043755223925,
        "nauc_recall_at_10_max": 0.5275396983129041,
        "nauc_recall_at_10_std": 0.2557872526364557,
        "nauc_recall_at_1_diff1": 0.6312036619061521,
        "nauc_recall_at_1_max": 0.34817430786751996,
        "nauc_recall_at_1_std": -0.031740350510543254,
        "nauc_recall_at_20_diff1": 0.44712515164061895,
        "nauc_recall_at_20_max": 0.5537053475772138,
        "nauc_recall_at_20_std": 0.2489371059961877,
        "nauc_recall_at_3_diff1": 0.48364230956835236,
        "nauc_recall_at_3_max": 0.45976142288935384,
        "nauc_recall_at_3_std": 0.09225453460490245,
        "nauc_recall_at_5_diff1": 0.4974642105070299,
        "nauc_recall_at_5_max": 0.5424502590845602,
        "nauc_recall_at_5_std": 0.2168119779027846,
        "ndcg_at_1": 0.45333,
        "ndcg_at_10": 0.59765,
        "ndcg_at_100": 0.62801,
        "ndcg_at_1000": 0.6403,
        "ndcg_at_20": 0.60966,
        "ndcg_at_3": 0.54367,
        "ndcg_at_5": 0.56908,
        "precision_at_1": 0.45333,
        "precision_at_10": 0.08467,
        "precision_at_100": 0.01013,
        "precision_at_1000": 0.00111,
        "precision_at_20": 0.04517,
        "precision_at_3": 0.21889,
        "precision_at_5": 0.148,
        "recall_at_1": 0.43456,
        "recall_at_10": 0.74767,
        "recall_at_100": 0.885,
        "recall_at_1000": 0.98333,
        "recall_at_20": 0.79133,
        "recall_at_3": 0.60328,
        "recall_at_5": 0.66439
      }
    ]
  },
  "task_name": "SciFact"
}