{
  "dataset_revision": "ec0fa4fe99da2ff19ca1214b7966684033a58814",
  "evaluation_time": 350.9254238605499,
  "kg_co2_emissions": null,
  "mteb_version": "1.14.10",
  "scores": {
    "test": [
      {
        "hf_subset": "default",
        "languages": [
          "eng-Latn"
        ],
        "main_score": 0.2673,
        "map_at_1": 0.02797,
        "map_at_10": 0.08309,
        "map_at_100": 0.11315,
        "map_at_1000": 0.12862,
        "map_at_20": 0.09467,
        "map_at_3": 0.05653,
        "map_at_5": 0.06707,
        "mrr_at_1": 0.3281733746130031,
        "mrr_at_10": 0.4292975084770751,
        "mrr_at_100": 0.4360320276889417,
        "mrr_at_1000": 0.43655008696004244,
        "mrr_at_20": 0.43232867765008887,
        "mrr_at_3": 0.40660474716202255,
        "mrr_at_5": 0.4196078431372548,
        "nauc_map_at_1000_diff1": 0.0739549024332023,
        "nauc_map_at_1000_max": 0.3361069517233514,
        "nauc_map_at_1000_std": 0.22187534699708464,
        "nauc_map_at_100_diff1": 0.08660769229911698,
        "nauc_map_at_100_max": 0.3254767065863952,
        "nauc_map_at_100_std": 0.16544464242549278,
        "nauc_map_at_10_diff1": 0.10730151303508047,
        "nauc_map_at_10_max": 0.25093553562467014,
        "nauc_map_at_10_std": 0.01763463394870202,
        "nauc_map_at_1_diff1": 0.3016260107948318,
        "nauc_map_at_1_max": 0.10941946654218494,
        "nauc_map_at_1_std": -0.18306018565484386,
        "nauc_map_at_20_diff1": 0.09891983947830861,
        "nauc_map_at_20_max": 0.29165277479635726,
        "nauc_map_at_20_std": 0.08590671920913619,
        "nauc_map_at_3_diff1": 0.15980062895415997,
        "nauc_map_at_3_max": 0.1681686190698777,
        "nauc_map_at_3_std": -0.08017282509857072,
        "nauc_map_at_5_diff1": 0.13716072738293889,
        "nauc_map_at_5_max": 0.18914004890516492,
        "nauc_map_at_5_std": -0.05299396678665875,
        "nauc_mrr_at_1000_diff1": 0.2556792461350645,
        "nauc_mrr_at_1000_max": 0.38272852132627055,
        "nauc_mrr_at_1000_std": 0.145563685356188,
        "nauc_mrr_at_100_diff1": 0.2554431207097147,
        "nauc_mrr_at_100_max": 0.3828044224430463,
        "nauc_mrr_at_100_std": 0.14596021664093417,
        "nauc_mrr_at_10_diff1": 0.25650926297952825,
        "nauc_mrr_at_10_max": 0.38005182510289626,
        "nauc_mrr_at_10_std": 0.14006841335982853,
        "nauc_mrr_at_1_diff1": 0.33927636222745594,
        "nauc_mrr_at_1_max": 0.3155141806353171,
        "nauc_mrr_at_1_std": 0.0491520221603823,
        "nauc_mrr_at_20_diff1": 0.2557309777453082,
        "nauc_mrr_at_20_max": 0.38329643550969783,
        "nauc_mrr_at_20_std": 0.14499893678239617,
        "nauc_mrr_at_3_diff1": 0.2552550095597216,
        "nauc_mrr_at_3_max": 0.36957756721796575,
        "nauc_mrr_at_3_std": 0.13786231503762217,
        "nauc_mrr_at_5_diff1": 0.25831922431033194,
        "nauc_mrr_at_5_max": 0.3764660334263388,
        "nauc_mrr_at_5_std": 0.13350679934743537,
        "nauc_ndcg_at_1000_diff1": 0.10176281050870202,
        "nauc_ndcg_at_1000_max": 0.46361212497800725,
        "nauc_ndcg_at_1000_std": 0.3657503387819628,
        "nauc_ndcg_at_100_diff1": 0.09492723220273576,
        "nauc_ndcg_at_100_max": 0.3872851928331121,
        "nauc_ndcg_at_100_std": 0.26826355178027667,
        "nauc_ndcg_at_10_diff1": 0.10145449806835448,
        "nauc_ndcg_at_10_max": 0.35950854965923035,
        "nauc_ndcg_at_10_std": 0.23360221348322294,
        "nauc_ndcg_at_1_diff1": 0.332487018378773,
        "nauc_ndcg_at_1_max": 0.3009964303935079,
        "nauc_ndcg_at_1_std": 0.05585075119440209,
        "nauc_ndcg_at_20_diff1": 0.10407088786001678,
        "nauc_ndcg_at_20_max": 0.3500754818825217,
        "nauc_ndcg_at_20_std": 0.2501943683364737,
        "nauc_ndcg_at_3_diff1": 0.16452829555666382,
        "nauc_ndcg_at_3_max": 0.3402172009819334,
        "nauc_ndcg_at_3_std": 0.17120434881956995,
        "nauc_ndcg_at_5_diff1": 0.1303056670833881,
        "nauc_ndcg_at_5_max": 0.3458717865317633,
        "nauc_ndcg_at_5_std": 0.1962567120649511,
        "nauc_precision_at_1000_diff1": -0.0950813154133961,
        "nauc_precision_at_1000_max": 0.06537735849079387,
        "nauc_precision_at_1000_std": 0.36171821367069085,
        "nauc_precision_at_100_diff1": -0.06323177795846616,
        "nauc_precision_at_100_max": 0.20845494919255375,
        "nauc_precision_at_100_std": 0.439547922026463,
        "nauc_precision_at_10_diff1": 0.0014790998665294994,
        "nauc_precision_at_10_max": 0.37234692941654074,
        "nauc_precision_at_10_std": 0.3436782641300341,
        "nauc_precision_at_1_diff1": 0.33927636222745594,
        "nauc_precision_at_1_max": 0.3155141806353171,
        "nauc_precision_at_1_std": 0.0491520221603823,
        "nauc_precision_at_20_diff1": -0.00183049604060306,
        "nauc_precision_at_20_max": 0.3259688407010293,
        "nauc_precision_at_20_std": 0.39403958807052963,
        "nauc_precision_at_3_diff1": 0.08803478920818132,
        "nauc_precision_at_3_max": 0.3676118929824931,
        "nauc_precision_at_3_std": 0.22708245776623304,
        "nauc_precision_at_5_diff1": 0.05073075462813155,
        "nauc_precision_at_5_max": 0.37293134260783306,
        "nauc_precision_at_5_std": 0.2660654542733007,
        "nauc_recall_at_1000_diff1": 0.014422581533305426,
        "nauc_recall_at_1000_max": 0.27532484588108536,
        "nauc_recall_at_1000_std": 0.2986406263810238,
        "nauc_recall_at_100_diff1": 0.018003404276285998,
        "nauc_recall_at_100_max": 0.28816725327171794,
        "nauc_recall_at_100_std": 0.19761046113472866,
        "nauc_recall_at_10_diff1": 0.054857942268678316,
        "nauc_recall_at_10_max": 0.2139395528942343,
        "nauc_recall_at_10_std": 0.03793132057541356,
        "nauc_recall_at_1_diff1": 0.3016260107948318,
        "nauc_recall_at_1_max": 0.10941946654218494,
        "nauc_recall_at_1_std": -0.18306018565484386,
        "nauc_recall_at_20_diff1": 0.05367680652515728,
        "nauc_recall_at_20_max": 0.24176692599063174,
        "nauc_recall_at_20_std": 0.1055101886038207,
        "nauc_recall_at_3_diff1": 0.09680543800164493,
        "nauc_recall_at_3_max": 0.1588983051399228,
        "nauc_recall_at_3_std": -0.04092284507756387,
        "nauc_recall_at_5_diff1": 0.07897456145080216,
        "nauc_recall_at_5_max": 0.14324971011348456,
        "nauc_recall_at_5_std": -0.03968981436186109,
        "ndcg_at_1": 0.31424,
        "ndcg_at_10": 0.2673,
        "ndcg_at_100": 0.25587,
        "ndcg_at_1000": 0.35097,
        "ndcg_at_20": 0.25023,
        "ndcg_at_3": 0.29895,
        "ndcg_at_5": 0.283,
        "precision_at_1": 0.32817,
        "precision_at_10": 0.21672,
        "precision_at_100": 0.07467,
        "precision_at_1000": 0.02101,
        "precision_at_20": 0.16084,
        "precision_at_3": 0.29721,
        "precision_at_5": 0.26006,
        "recall_at_1": 0.02797,
        "recall_at_10": 0.12672,
        "recall_at_100": 0.27761,
        "recall_at_1000": 0.61717,
        "recall_at_20": 0.1576,
        "recall_at_3": 0.06889,
        "recall_at_5": 0.0898
      }
    ]
  },
  "task_name": "NFCorpus"
}