{
  "dataset_revision": "a34f9a33db75fa0cbb21bb5cfc3dae8dc8bec93f",
  "evaluation_time": 715.1376724243164,
  "kg_co2_emissions": null,
  "mteb_version": "1.14.10",
  "scores": {
    "test": [
      {
        "hf_subset": "default",
        "languages": [
          "eng-Latn"
        ],
        "main_score": 0.15852,
        "map_at_1": 0.01441,
        "map_at_10": 0.06356,
        "map_at_100": 0.10765,
        "map_at_1000": 0.12183,
        "map_at_20": 0.08087,
        "map_at_3": 0.03217,
        "map_at_5": 0.0381,
        "mrr_at_1": 0.16326530612244897,
        "mrr_at_10": 0.294185293164885,
        "mrr_at_100": 0.30726272624053286,
        "mrr_at_1000": 0.30741971211180447,
        "mrr_at_20": 0.30156249646045563,
        "mrr_at_3": 0.24489795918367346,
        "mrr_at_5": 0.2673469387755102,
        "nauc_map_at_1000_diff1": 0.006102708103439149,
        "nauc_map_at_1000_max": -0.14130613483773402,
        "nauc_map_at_1000_std": 0.07909692980677781,
        "nauc_map_at_100_diff1": 0.016003819668641703,
        "nauc_map_at_100_max": -0.1462693456429823,
        "nauc_map_at_100_std": 0.032066492639023385,
        "nauc_map_at_10_diff1": 0.07503287090708237,
        "nauc_map_at_10_max": -0.1669616234880472,
        "nauc_map_at_10_std": -0.1401642942818875,
        "nauc_map_at_1_diff1": 0.02600805602088668,
        "nauc_map_at_1_max": -0.10994744444200158,
        "nauc_map_at_1_std": -0.17191012700544422,
        "nauc_map_at_20_diff1": 0.09222040330469337,
        "nauc_map_at_20_max": -0.15722713986867676,
        "nauc_map_at_20_std": -0.13235780159362914,
        "nauc_map_at_3_diff1": 0.0035443104986326423,
        "nauc_map_at_3_max": -0.11232967817590958,
        "nauc_map_at_3_std": -0.09732640433654423,
        "nauc_map_at_5_diff1": 0.013439868758798176,
        "nauc_map_at_5_max": -0.10852293204837725,
        "nauc_map_at_5_std": -0.10054554143606087,
        "nauc_mrr_at_1000_diff1": 0.005671009603404943,
        "nauc_mrr_at_1000_max": -0.16077845104111388,
        "nauc_mrr_at_1000_std": 0.05798503902252642,
        "nauc_mrr_at_100_diff1": 0.006083574120492259,
        "nauc_mrr_at_100_max": -0.1606152541973413,
        "nauc_mrr_at_100_std": 0.05845266919462882,
        "nauc_mrr_at_10_diff1": 0.013570551946428365,
        "nauc_mrr_at_10_max": -0.19485345684438715,
        "nauc_mrr_at_10_std": 0.05815320389496465,
        "nauc_mrr_at_1_diff1": 0.01166185302417523,
        "nauc_mrr_at_1_max": -0.08492044074745807,
        "nauc_mrr_at_1_std": -0.07256416161387248,
        "nauc_mrr_at_20_diff1": 0.012989833153492069,
        "nauc_mrr_at_20_max": -0.17032379397714045,
        "nauc_mrr_at_20_std": 0.057232989076030125,
        "nauc_mrr_at_3_diff1": -0.040493331920716295,
        "nauc_mrr_at_3_max": -0.1385063577460382,
        "nauc_mrr_at_3_std": 0.06433076701264442,
        "nauc_mrr_at_5_diff1": -0.021609879599021057,
        "nauc_mrr_at_5_max": -0.13435714739207008,
        "nauc_mrr_at_5_std": 0.058366507824428926,
        "nauc_ndcg_at_1000_diff1": -0.10102852193722796,
        "nauc_ndcg_at_1000_max": -0.11726626303895359,
        "nauc_ndcg_at_1000_std": 0.4159415839764554,
        "nauc_ndcg_at_100_diff1": -0.04746608639799246,
        "nauc_ndcg_at_100_max": -0.17985378056462428,
        "nauc_ndcg_at_100_std": 0.273221530451179,
        "nauc_ndcg_at_10_diff1": 0.013556492446269079,
        "nauc_ndcg_at_10_max": -0.20770039022727527,
        "nauc_ndcg_at_10_std": 0.017273522039320977,
        "nauc_ndcg_at_1_diff1": -0.06497827483423681,
        "nauc_ndcg_at_1_max": -0.07174854509708055,
        "nauc_ndcg_at_1_std": -0.03029376539429916,
        "nauc_ndcg_at_20_diff1": 0.04485145506213415,
        "nauc_ndcg_at_20_max": -0.207135793194667,
        "nauc_ndcg_at_20_std": -0.034698086909219085,
        "nauc_ndcg_at_3_diff1": -0.0869826850786345,
        "nauc_ndcg_at_3_max": -0.10195723785481897,
        "nauc_ndcg_at_3_std": 0.0853249280904178,
        "nauc_ndcg_at_5_diff1": -0.07138813999845527,
        "nauc_ndcg_at_5_max": -0.09495839668653921,
        "nauc_ndcg_at_5_std": 0.09136636662874843,
        "nauc_precision_at_1000_diff1": -0.17063539555829096,
        "nauc_precision_at_1000_max": 0.2848072388034321,
        "nauc_precision_at_1000_std": 0.4639835397986164,
        "nauc_precision_at_100_diff1": -0.09000910824354795,
        "nauc_precision_at_100_max": -0.07516087006082124,
        "nauc_precision_at_100_std": 0.6458013110282405,
        "nauc_precision_at_10_diff1": 0.10724407486294701,
        "nauc_precision_at_10_max": -0.25587701862358714,
        "nauc_precision_at_10_std": 0.05296768544855226,
        "nauc_precision_at_1_diff1": 0.01166185302417523,
        "nauc_precision_at_1_max": -0.08492044074745807,
        "nauc_precision_at_1_std": -0.07256416161387248,
        "nauc_precision_at_20_diff1": 0.1478045548509518,
        "nauc_precision_at_20_max": -0.1727282329534834,
        "nauc_precision_at_20_std": 0.02869812972651427,
        "nauc_precision_at_3_diff1": -0.04042262962120466,
        "nauc_precision_at_3_max": -0.11818193835623271,
        "nauc_precision_at_3_std": 0.11461581526318945,
        "nauc_precision_at_5_diff1": -0.024266732768183787,
        "nauc_precision_at_5_max": -0.10332766749987966,
        "nauc_precision_at_5_std": 0.10581517193287023,
        "nauc_recall_at_1000_diff1": -0.17891397282176857,
        "nauc_recall_at_1000_max": -0.09003300876241652,
        "nauc_recall_at_1000_std": 0.6979785015603789,
        "nauc_recall_at_100_diff1": -0.04436347384309929,
        "nauc_recall_at_100_max": -0.22165892749921695,
        "nauc_recall_at_100_std": 0.38127817686833854,
        "nauc_recall_at_10_diff1": 0.11165489831268999,
        "nauc_recall_at_10_max": -0.2715932584961513,
        "nauc_recall_at_10_std": -0.11768829378144656,
        "nauc_recall_at_1_diff1": 0.02600805602088668,
        "nauc_recall_at_1_max": -0.10994744444200158,
        "nauc_recall_at_1_std": -0.17191012700544422,
        "nauc_recall_at_20_diff1": 0.11350998482789273,
        "nauc_recall_at_20_max": -0.24003674123747853,
        "nauc_recall_at_20_std": -0.11051387047020997,
        "nauc_recall_at_3_diff1": -0.03736151410583225,
        "nauc_recall_at_3_max": -0.14275403356584068,
        "nauc_recall_at_3_std": -0.044101037093664634,
        "nauc_recall_at_5_diff1": -0.013975522740554941,
        "nauc_recall_at_5_max": -0.12947078521706987,
        "nauc_recall_at_5_std": -0.05775756157182982,
        "ndcg_at_1": 0.14286,
        "ndcg_at_10": 0.15852,
        "ndcg_at_100": 0.27116,
        "ndcg_at_1000": 0.38667,
        "ndcg_at_20": 0.17506,
        "ndcg_at_3": 0.15461,
        "ndcg_at_5": 0.13687,
        "precision_at_1": 0.16327,
        "precision_at_10": 0.16122,
        "precision_at_100": 0.06408,
        "precision_at_1000": 0.01376,
        "precision_at_20": 0.13061,
        "precision_at_3": 0.18367,
        "precision_at_5": 0.14694,
        "recall_at_1": 0.01441,
        "recall_at_10": 0.12224,
        "recall_at_100": 0.3928,
        "recall_at_1000": 0.74107,
        "recall_at_20": 0.18463,
        "recall_at_3": 0.04205,
        "recall_at_5": 0.0542
      }
    ]
  },
  "task_name": "Touche2020"
}