{
  "dataset_revision": "0228b52cf27578f30900b9e5271d331663a030d7",
  "evaluation_time": 534.1788544654846,
  "kg_co2_emissions": null,
  "mteb_version": "1.14.10",
  "scores": {
    "test": [
      {
        "hf_subset": "default",
        "languages": [
          "eng-Latn"
        ],
        "main_score": 0.60046,
        "map_at_1": 0.42789,
        "map_at_10": 0.54404,
        "map_at_100": 0.54986,
        "map_at_1000": 0.55026,
        "map_at_20": 0.54685,
        "map_at_3": 0.51092,
        "map_at_5": 0.52789,
        "mrr_at_1": 0.44666666666666666,
        "mrr_at_10": 0.5544285714285714,
        "mrr_at_100": 0.5587600288339856,
        "mrr_at_1000": 0.559139129213381,
        "mrr_at_20": 0.5564795049005575,
        "mrr_at_3": 0.53,
        "mrr_at_5": 0.5416666666666666,
        "nauc_map_at_1000_diff1": 0.5635670718180985,
        "nauc_map_at_1000_max": 0.42334451572055243,
        "nauc_map_at_1000_std": 0.06430747394041733,
        "nauc_map_at_100_diff1": 0.5631325674848912,
        "nauc_map_at_100_max": 0.42312253653250287,
        "nauc_map_at_100_std": 0.06457882786917286,
        "nauc_map_at_10_diff1": 0.5620320122936119,
        "nauc_map_at_10_max": 0.4217768550091697,
        "nauc_map_at_10_std": 0.06262374979014172,
        "nauc_map_at_1_diff1": 0.6278636230328506,
        "nauc_map_at_1_max": 0.3559843221562103,
        "nauc_map_at_1_std": -0.030905591430238744,
        "nauc_map_at_20_diff1": 0.5624515937813548,
        "nauc_map_at_20_max": 0.4246146148755367,
        "nauc_map_at_20_std": 0.06279464009858628,
        "nauc_map_at_3_diff1": 0.5733162735211832,
        "nauc_map_at_3_max": 0.40574679292993854,
        "nauc_map_at_3_std": 0.023443788447073243,
        "nauc_map_at_5_diff1": 0.5665578564637574,
        "nauc_map_at_5_max": 0.4231962137272766,
        "nauc_map_at_5_std": 0.052886846500821365,
        "nauc_mrr_at_1000_diff1": 0.5716244351440539,
        "nauc_mrr_at_1000_max": 0.43628414104512614,
        "nauc_mrr_at_1000_std": 0.0821133424768607,
        "nauc_mrr_at_100_diff1": 0.571174060247003,
        "nauc_mrr_at_100_max": 0.4360246692165164,
        "nauc_mrr_at_100_std": 0.08232593420344878,
        "nauc_mrr_at_10_diff1": 0.5696660777636159,
        "nauc_mrr_at_10_max": 0.4345569720765857,
        "nauc_mrr_at_10_std": 0.08260123256565871,
        "nauc_mrr_at_1_diff1": 0.6359664803494973,
        "nauc_mrr_at_1_max": 0.3911657757741172,
        "nauc_mrr_at_1_std": 0.0014169987530411531,
        "nauc_mrr_at_20_diff1": 0.5709469759263044,
        "nauc_mrr_at_20_max": 0.4374313340411041,
        "nauc_mrr_at_20_std": 0.08234846430411981,
        "nauc_mrr_at_3_diff1": 0.5782293598804127,
        "nauc_mrr_at_3_max": 0.4386435318885833,
        "nauc_mrr_at_3_std": 0.07322986859508647,
        "nauc_mrr_at_5_diff1": 0.5745277589533229,
        "nauc_mrr_at_5_max": 0.4444423424911977,
        "nauc_mrr_at_5_std": 0.08287991008961525,
        "nauc_ndcg_at_1000_diff1": 0.5485227985733885,
        "nauc_ndcg_at_1000_max": 0.43975164055861093,
        "nauc_ndcg_at_1000_std": 0.10088292208720377,
        "nauc_ndcg_at_100_diff1": 0.5375105126979248,
        "nauc_ndcg_at_100_max": 0.4377617119578488,
        "nauc_ndcg_at_100_std": 0.11204855719711068,
        "nauc_ndcg_at_10_diff1": 0.5347141174116057,
        "nauc_ndcg_at_10_max": 0.43730994157233016,
        "nauc_ndcg_at_10_std": 0.10364548422115986,
        "nauc_ndcg_at_1_diff1": 0.6359664803494973,
        "nauc_ndcg_at_1_max": 0.3911657757741172,
        "nauc_ndcg_at_1_std": 0.0014169987530411531,
        "nauc_ndcg_at_20_diff1": 0.5376222077231405,
        "nauc_ndcg_at_20_max": 0.44979952017173336,
        "nauc_ndcg_at_20_std": 0.10534524157926269,
        "nauc_ndcg_at_3_diff1": 0.5563142295837111,
        "nauc_ndcg_at_3_max": 0.42961262861169447,
        "nauc_ndcg_at_3_std": 0.05640038121118341,
        "nauc_ndcg_at_5_diff1": 0.5470759516791082,
        "nauc_ndcg_at_5_max": 0.45195116931236884,
        "nauc_ndcg_at_5_std": 0.09307014632775015,
        "nauc_precision_at_1000_diff1": -0.10095282033537685,
        "nauc_precision_at_1000_max": 0.23076578048608606,
        "nauc_precision_at_1000_std": 0.4825743449760663,
        "nauc_precision_at_100_diff1": 0.011812413529888382,
        "nauc_precision_at_100_max": 0.29342588616955223,
        "nauc_precision_at_100_std": 0.4712036639473298,
        "nauc_precision_at_10_diff1": 0.18070134048257352,
        "nauc_precision_at_10_max": 0.4101190348525468,
        "nauc_precision_at_10_std": 0.3870241286863268,
        "nauc_precision_at_1_diff1": 0.6359664803494973,
        "nauc_precision_at_1_max": 0.3911657757741172,
        "nauc_precision_at_1_std": 0.0014169987530411531,
        "nauc_precision_at_20_diff1": 0.1439081246391069,
        "nauc_precision_at_20_max": 0.4325627151992122,
        "nauc_precision_at_20_std": 0.3989306871404436,
        "nauc_precision_at_3_diff1": 0.42205333333333306,
        "nauc_precision_at_3_max": 0.4623466666666664,
        "nauc_precision_at_3_std": 0.1942711111111111,
        "nauc_precision_at_5_diff1": 0.3083144331181616,
        "nauc_precision_at_5_max": 0.48586014671551586,
        "nauc_precision_at_5_std": 0.3211748872217927,
        "nauc_recall_at_1000_diff1": 0.17208216619981104,
        "nauc_recall_at_1000_max": 0.516433239962653,
        "nauc_recall_at_1000_std": 0.5295051353874891,
        "nauc_recall_at_100_diff1": 0.28267430893129103,
        "nauc_recall_at_100_max": 0.438924762388449,
        "nauc_recall_at_100_std": 0.4114416309947024,
        "nauc_recall_at_10_diff1": 0.3947337334198649,
        "nauc_recall_at_10_max": 0.46335781007313837,
        "nauc_recall_at_10_std": 0.23023399957706608,
        "nauc_recall_at_1_diff1": 0.6278636230328506,
        "nauc_recall_at_1_max": 0.3559843221562103,
        "nauc_recall_at_1_std": -0.030905591430238744,
        "nauc_recall_at_20_diff1": 0.4014397758782215,
        "nauc_recall_at_20_max": 0.538257007289039,
        "nauc_recall_at_20_std": 0.25141326059320523,
        "nauc_recall_at_3_diff1": 0.5023354039812786,
        "nauc_recall_at_3_max": 0.4537581348024047,
        "nauc_recall_at_3_std": 0.08511410195138625,
        "nauc_recall_at_5_diff1": 0.4702496650444421,
        "nauc_recall_at_5_max": 0.5149275512614065,
        "nauc_recall_at_5_std": 0.1816628911796626,
        "ndcg_at_1": 0.44667,
        "ndcg_at_10": 0.60046,
        "ndcg_at_100": 0.6279,
        "ndcg_at_1000": 0.63933,
        "ndcg_at_20": 0.60926,
        "ndcg_at_3": 0.54158,
        "ndcg_at_5": 0.56594,
        "precision_at_1": 0.44667,
        "precision_at_10": 0.08633,
        "precision_at_100": 0.0102,
        "precision_at_1000": 0.00111,
        "precision_at_20": 0.04533,
        "precision_at_3": 0.22,
        "precision_at_5": 0.148,
        "recall_at_1": 0.42789,
        "recall_at_10": 0.76333,
        "recall_at_100": 0.89167,
        "recall_at_1000": 0.98333,
        "recall_at_20": 0.79567,
        "recall_at_3": 0.60228,
        "recall_at_5": 0.66172
      }
    ]
  },
  "task_name": "SciFact"
}