{
  "dataset_revision": "a34f9a33db75fa0cbb21bb5cfc3dae8dc8bec93f",
  "evaluation_time": 727.7023775577545,
  "kg_co2_emissions": null,
  "mteb_version": "1.14.10",
  "scores": {
    "test": [
      {
        "hf_subset": "default",
        "languages": [
          "eng-Latn"
        ],
        "main_score": 0.16269,
        "map_at_1": 0.01538,
        "map_at_10": 0.06623,
        "map_at_100": 0.11582,
        "map_at_1000": 0.1299,
        "map_at_20": 0.0864,
        "map_at_3": 0.03581,
        "map_at_5": 0.0419,
        "mrr_at_1": 0.1836734693877551,
        "mrr_at_10": 0.30481859410430834,
        "mrr_at_100": 0.322585596264451,
        "mrr_at_1000": 0.3226422856068546,
        "mrr_at_20": 0.320065929696624,
        "mrr_at_3": 0.25170068027210885,
        "mrr_at_5": 0.2853741496598639,
        "nauc_map_at_1000_diff1": -0.24865804234092068,
        "nauc_map_at_1000_max": -0.29130206207637405,
        "nauc_map_at_1000_std": 0.13638479587715754,
        "nauc_map_at_100_diff1": -0.25261732316057617,
        "nauc_map_at_100_max": -0.2912427695122687,
        "nauc_map_at_100_std": 0.09474657650337896,
        "nauc_map_at_10_diff1": -0.2766197987047075,
        "nauc_map_at_10_max": -0.3059979711786933,
        "nauc_map_at_10_std": -0.09048581647148861,
        "nauc_map_at_1_diff1": -0.1572231393084899,
        "nauc_map_at_1_max": -0.32231195331379026,
        "nauc_map_at_1_std": -0.09654840313847826,
        "nauc_map_at_20_diff1": -0.2538776914640856,
        "nauc_map_at_20_max": -0.30924075667778067,
        "nauc_map_at_20_std": -0.059391023443862795,
        "nauc_map_at_3_diff1": -0.23280445810548633,
        "nauc_map_at_3_max": -0.22537176452758842,
        "nauc_map_at_3_std": -0.07459232218334648,
        "nauc_map_at_5_diff1": -0.2256085412037442,
        "nauc_map_at_5_max": -0.2607877316028295,
        "nauc_map_at_5_std": -0.08148446214398126,
        "nauc_mrr_at_1000_diff1": -0.11725921083739499,
        "nauc_mrr_at_1000_max": -0.3117331318297373,
        "nauc_mrr_at_1000_std": 0.09419879541780889,
        "nauc_mrr_at_100_diff1": -0.11721131295806375,
        "nauc_mrr_at_100_max": -0.3114708064863962,
        "nauc_mrr_at_100_std": 0.09437994096199397,
        "nauc_mrr_at_10_diff1": -0.13032769722182666,
        "nauc_mrr_at_10_max": -0.3186715290996985,
        "nauc_mrr_at_10_std": 0.10504642006278898,
        "nauc_mrr_at_1_diff1": -0.06762411647905718,
        "nauc_mrr_at_1_max": -0.2818380208752959,
        "nauc_mrr_at_1_std": 0.02022566608636774,
        "nauc_mrr_at_20_diff1": -0.11067765479361387,
        "nauc_mrr_at_20_max": -0.31993973015513394,
        "nauc_mrr_at_20_std": 0.0951575513534387,
        "nauc_mrr_at_3_diff1": -0.13371938087790325,
        "nauc_mrr_at_3_max": -0.256613154230815,
        "nauc_mrr_at_3_std": 0.07362914775466312,
        "nauc_mrr_at_5_diff1": -0.13617399008609132,
        "nauc_mrr_at_5_max": -0.3087871122526003,
        "nauc_mrr_at_5_std": 0.07851595572132068,
        "nauc_ndcg_at_1000_diff1": -0.18353974638761145,
        "nauc_ndcg_at_1000_max": -0.2764535582288584,
        "nauc_ndcg_at_1000_std": 0.4279395477677958,
        "nauc_ndcg_at_100_diff1": -0.16878470948748273,
        "nauc_ndcg_at_100_max": -0.32431898897614275,
        "nauc_ndcg_at_100_std": 0.32573951617379043,
        "nauc_ndcg_at_10_diff1": -0.19406376953155427,
        "nauc_ndcg_at_10_max": -0.3173572060672368,
        "nauc_ndcg_at_10_std": 0.05081600097700844,
        "nauc_ndcg_at_1_diff1": -0.10358567257902068,
        "nauc_ndcg_at_1_max": -0.270518509931231,
        "nauc_ndcg_at_1_std": 0.06850960378387723,
        "nauc_ndcg_at_20_diff1": -0.1793884182723169,
        "nauc_ndcg_at_20_max": -0.35871211872027764,
        "nauc_ndcg_at_20_std": 0.022035344948313527,
        "nauc_ndcg_at_3_diff1": -0.12041919205713672,
        "nauc_ndcg_at_3_max": -0.21481759478278337,
        "nauc_ndcg_at_3_std": 0.08151198511595807,
        "nauc_ndcg_at_5_diff1": -0.11665691084835832,
        "nauc_ndcg_at_5_max": -0.2727340919201724,
        "nauc_ndcg_at_5_std": 0.05582675229131148,
        "nauc_precision_at_1000_diff1": -0.016329080563921662,
        "nauc_precision_at_1000_max": 0.2882218805333808,
        "nauc_precision_at_1000_std": 0.3853229857338656,
        "nauc_precision_at_100_diff1": -0.03225058118388662,
        "nauc_precision_at_100_max": -0.1475378149539193,
        "nauc_precision_at_100_std": 0.7090685491627676,
        "nauc_precision_at_10_diff1": -0.1352702703573114,
        "nauc_precision_at_10_max": -0.3391227982064084,
        "nauc_precision_at_10_std": 0.09983068105021134,
        "nauc_precision_at_1_diff1": -0.06762411647905718,
        "nauc_precision_at_1_max": -0.2818380208752959,
        "nauc_precision_at_1_std": 0.02022566608636774,
        "nauc_precision_at_20_diff1": -0.03973559908520703,
        "nauc_precision_at_20_max": -0.3352202755205097,
        "nauc_precision_at_20_std": 0.09960328654650072,
        "nauc_precision_at_3_diff1": -0.10790779097016363,
        "nauc_precision_at_3_max": -0.19716238636620909,
        "nauc_precision_at_3_std": 0.06004328236253959,
        "nauc_precision_at_5_diff1": -0.08467153126004136,
        "nauc_precision_at_5_max": -0.29366884266547066,
        "nauc_precision_at_5_std": 0.03227421103114077,
        "nauc_recall_at_1000_diff1": -0.19598266021655011,
        "nauc_recall_at_1000_max": -0.20157156474338728,
        "nauc_recall_at_1000_std": 0.7451891291995405,
        "nauc_recall_at_100_diff1": -0.16032607003725508,
        "nauc_recall_at_100_max": -0.3038509132660658,
        "nauc_recall_at_100_std": 0.45784197952490696,
        "nauc_recall_at_10_diff1": -0.2664023750097575,
        "nauc_recall_at_10_max": -0.3618769688416328,
        "nauc_recall_at_10_std": -0.04657529641361774,
        "nauc_recall_at_1_diff1": -0.1572231393084899,
        "nauc_recall_at_1_max": -0.32231195331379026,
        "nauc_recall_at_1_std": -0.09654840313847826,
        "nauc_recall_at_20_diff1": -0.1866600938688506,
        "nauc_recall_at_20_max": -0.3808792476711047,
        "nauc_recall_at_20_std": -0.036567713307911066,
        "nauc_recall_at_3_diff1": -0.259410086103612,
        "nauc_recall_at_3_max": -0.2139766438483242,
        "nauc_recall_at_3_std": -0.04822165007804522,
        "nauc_recall_at_5_diff1": -0.22167644381537596,
        "nauc_recall_at_5_max": -0.29037334147181615,
        "nauc_recall_at_5_std": -0.06952521235216713,
        "ndcg_at_1": 0.16327,
        "ndcg_at_10": 0.16269,
        "ndcg_at_100": 0.28944,
        "ndcg_at_1000": 0.40493,
        "ndcg_at_20": 0.1898,
        "ndcg_at_3": 0.16035,
        "ndcg_at_5": 0.15232,
        "precision_at_1": 0.18367,
        "precision_at_10": 0.15918,
        "precision_at_100": 0.06796,
        "precision_at_1000": 0.01427,
        "precision_at_20": 0.14082,
        "precision_at_3": 0.18367,
        "precision_at_5": 0.16327,
        "recall_at_1": 0.01538,
        "recall_at_10": 0.12219,
        "recall_at_100": 0.42149,
        "recall_at_1000": 0.77279,
        "recall_at_20": 0.20237,
        "recall_at_3": 0.04442,
        "recall_at_5": 0.06175
      }
    ]
  },
  "task_name": "Touche2020"
}