{
  "dataset_revision": "ec0fa4fe99da2ff19ca1214b7966684033a58814",
  "evaluation_time": 8.916836261749268,
  "kg_co2_emissions": null,
  "mteb_version": "1.14.10",
  "scores": {
    "test": [
      {
        "hf_subset": "default",
        "languages": [
          "eng-Latn"
        ],
        "main_score": 0.27345,
        "map_at_1": 0.03639,
        "map_at_10": 0.08819,
        "map_at_100": 0.11383,
        "map_at_1000": 0.12672,
        "map_at_20": 0.09748,
        "map_at_3": 0.06118,
        "map_at_5": 0.07245,
        "mrr_at_1": 0.38390092879256965,
        "mrr_at_10": 0.46248218585679884,
        "mrr_at_100": 0.468980081108132,
        "mrr_at_1000": 0.4694894552828727,
        "mrr_at_20": 0.4660726669878008,
        "mrr_at_3": 0.4385964912280702,
        "mrr_at_5": 0.450670794633643,
        "nauc_map_at_1000_diff1": 0.18251960921560928,
        "nauc_map_at_1000_max": 0.32458779440153024,
        "nauc_map_at_1000_std": 0.2654242215026681,
        "nauc_map_at_100_diff1": 0.19778957862038676,
        "nauc_map_at_100_max": 0.31209206751727936,
        "nauc_map_at_100_std": 0.23234549622260642,
        "nauc_map_at_10_diff1": 0.23532153461257818,
        "nauc_map_at_10_max": 0.2659804943952301,
        "nauc_map_at_10_std": 0.12177270222648369,
        "nauc_map_at_1_diff1": 0.4592516960760022,
        "nauc_map_at_1_max": 0.15039626439961365,
        "nauc_map_at_1_std": -0.038956661967119166,
        "nauc_map_at_20_diff1": 0.21818814326253969,
        "nauc_map_at_20_max": 0.2921295215411641,
        "nauc_map_at_20_std": 0.17225190154857517,
        "nauc_map_at_3_diff1": 0.3141167445746838,
        "nauc_map_at_3_max": 0.19346806921438175,
        "nauc_map_at_3_std": 0.04609986602425464,
        "nauc_map_at_5_diff1": 0.290394540050774,
        "nauc_map_at_5_max": 0.22628524322678936,
        "nauc_map_at_5_std": 0.06406960066741801,
        "nauc_mrr_at_1000_diff1": 0.28483443336305214,
        "nauc_mrr_at_1000_max": 0.3883034080215006,
        "nauc_mrr_at_1000_std": 0.19969109311913907,
        "nauc_mrr_at_100_diff1": 0.2846661003402968,
        "nauc_mrr_at_100_max": 0.38837575364528754,
        "nauc_mrr_at_100_std": 0.19999111527581828,
        "nauc_mrr_at_10_diff1": 0.2829482956089748,
        "nauc_mrr_at_10_max": 0.38964799525157856,
        "nauc_mrr_at_10_std": 0.20166808382139173,
        "nauc_mrr_at_1_diff1": 0.32301712103361824,
        "nauc_mrr_at_1_max": 0.32013530044820077,
        "nauc_mrr_at_1_std": 0.12350241334775731,
        "nauc_mrr_at_20_diff1": 0.2848961264982474,
        "nauc_mrr_at_20_max": 0.3893327209140777,
        "nauc_mrr_at_20_std": 0.20053085069130147,
        "nauc_mrr_at_3_diff1": 0.2719837508374986,
        "nauc_mrr_at_3_max": 0.37032919949079846,
        "nauc_mrr_at_3_std": 0.17506254670095744,
        "nauc_mrr_at_5_diff1": 0.2758958054564603,
        "nauc_mrr_at_5_max": 0.37906174916863417,
        "nauc_mrr_at_5_std": 0.1816731000830432,
        "nauc_ndcg_at_1000_diff1": 0.19914704306652653,
        "nauc_ndcg_at_1000_max": 0.4699381140237145,
        "nauc_ndcg_at_1000_std": 0.40470145455758083,
        "nauc_ndcg_at_100_diff1": 0.17914709540779752,
        "nauc_ndcg_at_100_max": 0.3848810796311333,
        "nauc_ndcg_at_100_std": 0.3067774511352556,
        "nauc_ndcg_at_10_diff1": 0.15999028276881358,
        "nauc_ndcg_at_10_max": 0.36997764664434485,
        "nauc_ndcg_at_10_std": 0.26667802906079935,
        "nauc_ndcg_at_1_diff1": 0.3378840998493217,
        "nauc_ndcg_at_1_max": 0.323586467458846,
        "nauc_ndcg_at_1_std": 0.12376144054372167,
        "nauc_ndcg_at_20_diff1": 0.15542602299195846,
        "nauc_ndcg_at_20_max": 0.3632823947535531,
        "nauc_ndcg_at_20_std": 0.28018962237747386,
        "nauc_ndcg_at_3_diff1": 0.18570189152811184,
        "nauc_ndcg_at_3_max": 0.33283584915579045,
        "nauc_ndcg_at_3_std": 0.18071683596216792,
        "nauc_ndcg_at_5_diff1": 0.18650027109209977,
        "nauc_ndcg_at_5_max": 0.3593178670235057,
        "nauc_ndcg_at_5_std": 0.21653845809051137,
        "nauc_precision_at_1000_diff1": -0.10421445498569674,
        "nauc_precision_at_1000_max": 0.06849960247011445,
        "nauc_precision_at_1000_std": 0.21479714428187913,
        "nauc_precision_at_100_diff1": -0.08561264554716308,
        "nauc_precision_at_100_max": 0.20381356657658692,
        "nauc_precision_at_100_std": 0.35965388017393213,
        "nauc_precision_at_10_diff1": 0.003856229521645218,
        "nauc_precision_at_10_max": 0.36796409722507173,
        "nauc_precision_at_10_std": 0.3611774273261824,
        "nauc_precision_at_1_diff1": 0.32301712103361824,
        "nauc_precision_at_1_max": 0.32013530044820077,
        "nauc_precision_at_1_std": 0.12350241334775731,
        "nauc_precision_at_20_diff1": -0.033296287170185276,
        "nauc_precision_at_20_max": 0.32112368750742687,
        "nauc_precision_at_20_std": 0.38600349788730987,
        "nauc_precision_at_3_diff1": 0.06876010669113593,
        "nauc_precision_at_3_max": 0.34091929407775295,
        "nauc_precision_at_3_std": 0.22913711948595153,
        "nauc_precision_at_5_diff1": 0.06334752009605757,
        "nauc_precision_at_5_max": 0.3710271309308773,
        "nauc_precision_at_5_std": 0.2829180129536732,
        "nauc_recall_at_1000_diff1": 0.1248912686931909,
        "nauc_recall_at_1000_max": 0.29531154306474927,
        "nauc_recall_at_1000_std": 0.3249214658522044,
        "nauc_recall_at_100_diff1": 0.13116413121967807,
        "nauc_recall_at_100_max": 0.2533179467048001,
        "nauc_recall_at_100_std": 0.22130277308982343,
        "nauc_recall_at_10_diff1": 0.15912478580625766,
        "nauc_recall_at_10_max": 0.2316239382767792,
        "nauc_recall_at_10_std": 0.09692210057081983,
        "nauc_recall_at_1_diff1": 0.4592516960760022,
        "nauc_recall_at_1_max": 0.15039626439961365,
        "nauc_recall_at_1_std": -0.038956661967119166,
        "nauc_recall_at_20_diff1": 0.14756686804563252,
        "nauc_recall_at_20_max": 0.24681709721707626,
        "nauc_recall_at_20_std": 0.14526666246118441,
        "nauc_recall_at_3_diff1": 0.25341171606596313,
        "nauc_recall_at_3_max": 0.20231518578169166,
        "nauc_recall_at_3_std": 0.05194645745204688,
        "nauc_recall_at_5_diff1": 0.2324097116073334,
        "nauc_recall_at_5_max": 0.21737310315962524,
        "nauc_recall_at_5_std": 0.047368005476010756,
        "ndcg_at_1": 0.37152,
        "ndcg_at_10": 0.27345,
        "ndcg_at_100": 0.25523,
        "ndcg_at_1000": 0.34392,
        "ndcg_at_20": 0.25151,
        "ndcg_at_3": 0.31464,
        "ndcg_at_5": 0.29746,
        "precision_at_1": 0.3839,
        "precision_at_10": 0.20836,
        "precision_at_100": 0.06941,
        "precision_at_1000": 0.01958,
        "precision_at_20": 0.15124,
        "precision_at_3": 0.29721,
        "precision_at_5": 0.26068,
        "recall_at_1": 0.03639,
        "recall_at_10": 0.12857,
        "recall_at_100": 0.27364,
        "recall_at_1000": 0.58782,
        "recall_at_20": 0.15659,
        "recall_at_3": 0.0688,
        "recall_at_5": 0.09094
      }
    ]
  },
  "task_name": "NFCorpus"
}