{
  "dataset_revision": "0228b52cf27578f30900b9e5271d331663a030d7",
  "evaluation_time": 545.9804399013519,
  "kg_co2_emissions": null,
  "mteb_version": "1.14.10",
  "scores": {
    "test": [
      {
        "hf_subset": "default",
        "languages": [
          "eng-Latn"
        ],
        "main_score": 0.63689,
        "map_at_1": 0.48344,
        "map_at_10": 0.58897,
        "map_at_100": 0.59629,
        "map_at_1000": 0.59664,
        "map_at_20": 0.59363,
        "map_at_3": 0.55982,
        "map_at_5": 0.57887,
        "mrr_at_1": 0.5066666666666667,
        "mrr_at_10": 0.600515873015873,
        "mrr_at_100": 0.6070279937838123,
        "mrr_at_1000": 0.6073433086243089,
        "mrr_at_20": 0.6048314226623049,
        "mrr_at_3": 0.5800000000000001,
        "mrr_at_5": 0.5935,
        "nauc_map_at_1000_diff1": 0.6400693071747998,
        "nauc_map_at_1000_max": 0.40790812254141845,
        "nauc_map_at_1000_std": 0.001156187449452669,
        "nauc_map_at_100_diff1": 0.6400245516797473,
        "nauc_map_at_100_max": 0.40827405885715035,
        "nauc_map_at_100_std": 0.0016754685142851074,
        "nauc_map_at_10_diff1": 0.6389049198328854,
        "nauc_map_at_10_max": 0.4064976687897812,
        "nauc_map_at_10_std": 0.0005787057497549853,
        "nauc_map_at_1_diff1": 0.6845008231319146,
        "nauc_map_at_1_max": 0.3362601064435617,
        "nauc_map_at_1_std": -0.10309474909174082,
        "nauc_map_at_20_diff1": 0.6387249745463275,
        "nauc_map_at_20_max": 0.4084568359436947,
        "nauc_map_at_20_std": -0.0008720990610921696,
        "nauc_map_at_3_diff1": 0.6363185674213846,
        "nauc_map_at_3_max": 0.38830684254130016,
        "nauc_map_at_3_std": -0.036468272747367796,
        "nauc_map_at_5_diff1": 0.6354639978418583,
        "nauc_map_at_5_max": 0.3987420929570522,
        "nauc_map_at_5_std": -0.010113096138752662,
        "nauc_mrr_at_1000_diff1": 0.6430780794834785,
        "nauc_mrr_at_1000_max": 0.4078447545125359,
        "nauc_mrr_at_1000_std": 0.027582351914895435,
        "nauc_mrr_at_100_diff1": 0.6430203442715482,
        "nauc_mrr_at_100_max": 0.40815567843830275,
        "nauc_mrr_at_100_std": 0.02800504163878287,
        "nauc_mrr_at_10_diff1": 0.641962856740282,
        "nauc_mrr_at_10_max": 0.4062971462001087,
        "nauc_mrr_at_10_std": 0.030269011449474026,
        "nauc_mrr_at_1_diff1": 0.6865116986262163,
        "nauc_mrr_at_1_max": 0.3577024899828274,
        "nauc_mrr_at_1_std": -0.047219340297653296,
        "nauc_mrr_at_20_diff1": 0.6417404606125301,
        "nauc_mrr_at_20_max": 0.4081716476886198,
        "nauc_mrr_at_20_std": 0.026105227840368436,
        "nauc_mrr_at_3_diff1": 0.6468484592212355,
        "nauc_mrr_at_3_max": 0.40859646707509345,
        "nauc_mrr_at_3_std": 0.015193084933769736,
        "nauc_mrr_at_5_diff1": 0.6403438560718314,
        "nauc_mrr_at_5_max": 0.4063090264956803,
        "nauc_mrr_at_5_std": 0.029830165442044965,
        "nauc_ndcg_at_1000_diff1": 0.6331177775451018,
        "nauc_ndcg_at_1000_max": 0.4218798770069801,
        "nauc_ndcg_at_1000_std": 0.03761090726064137,
        "nauc_ndcg_at_100_diff1": 0.6303833278199504,
        "nauc_ndcg_at_100_max": 0.4326204949863504,
        "nauc_ndcg_at_100_std": 0.052842907839452787,
        "nauc_ndcg_at_10_diff1": 0.623833889278857,
        "nauc_ndcg_at_10_max": 0.42509364130334903,
        "nauc_ndcg_at_10_std": 0.04735499928684669,
        "nauc_ndcg_at_1_diff1": 0.6865116986262163,
        "nauc_ndcg_at_1_max": 0.3577024899828274,
        "nauc_ndcg_at_1_std": -0.047219340297653296,
        "nauc_ndcg_at_20_diff1": 0.6231898502125942,
        "nauc_ndcg_at_20_max": 0.43403644420965976,
        "nauc_ndcg_at_20_std": 0.0396535166520386,
        "nauc_ndcg_at_3_diff1": 0.6229479076250284,
        "nauc_ndcg_at_3_max": 0.41332948037937706,
        "nauc_ndcg_at_3_std": 0.004901486638354116,
        "nauc_ndcg_at_5_diff1": 0.6174247778469147,
        "nauc_ndcg_at_5_max": 0.41623009087640656,
        "nauc_ndcg_at_5_std": 0.03451951469953819,
        "nauc_precision_at_1000_diff1": -0.14461663893288362,
        "nauc_precision_at_1000_max": 0.14477034423304583,
        "nauc_precision_at_1000_std": 0.4828685418713284,
        "nauc_precision_at_100_diff1": 0.027772309541324383,
        "nauc_precision_at_100_max": 0.2932177751069757,
        "nauc_precision_at_100_std": 0.4893697483344895,
        "nauc_precision_at_10_diff1": 0.25451786933065534,
        "nauc_precision_at_10_max": 0.39616399528759133,
        "nauc_precision_at_10_std": 0.3628293577822115,
        "nauc_precision_at_1_diff1": 0.6865116986262163,
        "nauc_precision_at_1_max": 0.3577024899828274,
        "nauc_precision_at_1_std": -0.047219340297653296,
        "nauc_precision_at_20_diff1": 0.17567439748779803,
        "nauc_precision_at_20_max": 0.4044824259392375,
        "nauc_precision_at_20_std": 0.38886156407249006,
        "nauc_precision_at_3_diff1": 0.43694208986572664,
        "nauc_precision_at_3_max": 0.44690477083489605,
        "nauc_precision_at_3_std": 0.2075331933088291,
        "nauc_precision_at_5_diff1": 0.32809506758571333,
        "nauc_precision_at_5_max": 0.421663235162474,
        "nauc_precision_at_5_std": 0.31056306507922327,
        "nauc_recall_at_1000_diff1": 0.6790382819794685,
        "nauc_recall_at_1000_max": 0.07936507936508372,
        "nauc_recall_at_1000_std": 0.554154995331476,
        "nauc_recall_at_100_diff1": 0.5586329770003253,
        "nauc_recall_at_100_max": 0.6544903675756015,
        "nauc_recall_at_100_std": 0.4537148192610368,
        "nauc_recall_at_10_diff1": 0.5562931298165514,
        "nauc_recall_at_10_max": 0.4879367068776439,
        "nauc_recall_at_10_std": 0.19161612318435095,
        "nauc_recall_at_1_diff1": 0.6845008231319146,
        "nauc_recall_at_1_max": 0.3362601064435617,
        "nauc_recall_at_1_std": -0.10309474909174082,
        "nauc_recall_at_20_diff1": 0.5345822095227918,
        "nauc_recall_at_20_max": 0.5579228166284544,
        "nauc_recall_at_20_std": 0.16989440313738766,
        "nauc_recall_at_3_diff1": 0.5666871039783266,
        "nauc_recall_at_3_max": 0.4418408451631042,
        "nauc_recall_at_3_std": 0.04748906876883847,
        "nauc_recall_at_5_diff1": 0.5386313591765668,
        "nauc_recall_at_5_max": 0.4552423481524359,
        "nauc_recall_at_5_std": 0.142123743412713,
        "ndcg_at_1": 0.50667,
        "ndcg_at_10": 0.63689,
        "ndcg_at_100": 0.66991,
        "ndcg_at_1000": 0.67939,
        "ndcg_at_20": 0.65238,
        "ndcg_at_3": 0.58974,
        "ndcg_at_5": 0.61667,
        "precision_at_1": 0.50667,
        "precision_at_10": 0.087,
        "precision_at_100": 0.01047,
        "precision_at_1000": 0.00112,
        "precision_at_20": 0.04683,
        "precision_at_3": 0.23556,
        "precision_at_5": 0.15867,
        "recall_at_1": 0.48344,
        "recall_at_10": 0.77,
        "recall_at_100": 0.91833,
        "recall_at_1000": 0.99333,
        "recall_at_20": 0.82733,
        "recall_at_3": 0.64772,
        "recall_at_5": 0.71228
      }
    ]
  },
  "task_name": "SciFact"
}