{
  "dataset_revision": "0228b52cf27578f30900b9e5271d331663a030d7",
  "evaluation_time": 537.3887894153595,
  "kg_co2_emissions": null,
  "mteb_version": "1.14.10",
  "scores": {
    "test": [
      {
        "hf_subset": "default",
        "languages": [
          "eng-Latn"
        ],
        "main_score": 0.59651,
        "map_at_1": 0.43567,
        "map_at_10": 0.54198,
        "map_at_100": 0.5491,
        "map_at_1000": 0.54953,
        "map_at_20": 0.54647,
        "map_at_3": 0.50219,
        "map_at_5": 0.5295,
        "mrr_at_1": 0.45666666666666667,
        "mrr_at_10": 0.5528928571428571,
        "mrr_at_100": 0.5593559065830218,
        "mrr_at_1000": 0.5597477427854588,
        "mrr_at_20": 0.5569312645415587,
        "mrr_at_3": 0.5205555555555555,
        "mrr_at_5": 0.5465555555555555,
        "nauc_map_at_1000_diff1": 0.5775789751271238,
        "nauc_map_at_1000_max": 0.4706942381018548,
        "nauc_map_at_1000_std": 0.027872805558022646,
        "nauc_map_at_100_diff1": 0.5774979151232559,
        "nauc_map_at_100_max": 0.47107402374111423,
        "nauc_map_at_100_std": 0.02813117580134949,
        "nauc_map_at_10_diff1": 0.5786170010811815,
        "nauc_map_at_10_max": 0.4691581608120664,
        "nauc_map_at_10_std": 0.02517525452517415,
        "nauc_map_at_1_diff1": 0.6338003963353673,
        "nauc_map_at_1_max": 0.3885449030712879,
        "nauc_map_at_1_std": -0.05373374585570079,
        "nauc_map_at_20_diff1": 0.5759964730780791,
        "nauc_map_at_20_max": 0.47200406448439747,
        "nauc_map_at_20_std": 0.02950758978003081,
        "nauc_map_at_3_diff1": 0.5911623869395983,
        "nauc_map_at_3_max": 0.4480855603708755,
        "nauc_map_at_3_std": -0.004634027416004028,
        "nauc_map_at_5_diff1": 0.5760179877998729,
        "nauc_map_at_5_max": 0.4559355924909823,
        "nauc_map_at_5_std": 0.015512387648618212,
        "nauc_mrr_at_1000_diff1": 0.5745160845585454,
        "nauc_mrr_at_1000_max": 0.4821207471215767,
        "nauc_mrr_at_1000_std": 0.042175995309280644,
        "nauc_mrr_at_100_diff1": 0.5743744527621196,
        "nauc_mrr_at_100_max": 0.482423016903267,
        "nauc_mrr_at_100_std": 0.04231869710031797,
        "nauc_mrr_at_10_diff1": 0.575604636022358,
        "nauc_mrr_at_10_max": 0.4813314853800199,
        "nauc_mrr_at_10_std": 0.041614781002826784,
        "nauc_mrr_at_1_diff1": 0.6164878001828764,
        "nauc_mrr_at_1_max": 0.43103832978225387,
        "nauc_mrr_at_1_std": -0.005376932129903749,
        "nauc_mrr_at_20_diff1": 0.5727825712459613,
        "nauc_mrr_at_20_max": 0.48334622320417964,
        "nauc_mrr_at_20_std": 0.04415356644626331,
        "nauc_mrr_at_3_diff1": 0.5819413369765861,
        "nauc_mrr_at_3_max": 0.4782337387219709,
        "nauc_mrr_at_3_std": 0.027609153672867037,
        "nauc_mrr_at_5_diff1": 0.5721404853575877,
        "nauc_mrr_at_5_max": 0.47835832790135974,
        "nauc_mrr_at_5_std": 0.04244852439460342,
        "nauc_ndcg_at_1000_diff1": 0.564616267760219,
        "nauc_ndcg_at_1000_max": 0.490712825520734,
        "nauc_ndcg_at_1000_std": 0.05140779357575342,
        "nauc_ndcg_at_100_diff1": 0.5612546901720327,
        "nauc_ndcg_at_100_max": 0.5008907396050015,
        "nauc_ndcg_at_100_std": 0.05909727903723255,
        "nauc_ndcg_at_10_diff1": 0.56251958873183,
        "nauc_ndcg_at_10_max": 0.49741794849307963,
        "nauc_ndcg_at_10_std": 0.0539462472684139,
        "nauc_ndcg_at_1_diff1": 0.6164878001828764,
        "nauc_ndcg_at_1_max": 0.43103832978225387,
        "nauc_ndcg_at_1_std": -0.005376932129903749,
        "nauc_ndcg_at_20_diff1": 0.5515989371179213,
        "nauc_ndcg_at_20_max": 0.506554804110211,
        "nauc_ndcg_at_20_std": 0.06811387127384164,
        "nauc_ndcg_at_3_diff1": 0.5730985147525705,
        "nauc_ndcg_at_3_max": 0.47552200613353596,
        "nauc_ndcg_at_3_std": 0.020586444529815565,
        "nauc_ndcg_at_5_diff1": 0.5533411695302675,
        "nauc_ndcg_at_5_max": 0.47719796330296693,
        "nauc_ndcg_at_5_std": 0.041975691413432506,
        "nauc_precision_at_1000_diff1": -0.276462372274236,
        "nauc_precision_at_1000_max": 0.23236899964581056,
        "nauc_precision_at_1000_std": 0.4270133723611146,
        "nauc_precision_at_100_diff1": -0.0587188881869879,
        "nauc_precision_at_100_max": 0.3966089703095383,
        "nauc_precision_at_100_std": 0.39917119393556516,
        "nauc_precision_at_10_diff1": 0.16857718894009216,
        "nauc_precision_at_10_max": 0.4978151744568795,
        "nauc_precision_at_10_std": 0.31749094799210004,
        "nauc_precision_at_1_diff1": 0.6164878001828764,
        "nauc_precision_at_1_max": 0.43103832978225387,
        "nauc_precision_at_1_std": -0.005376932129903749,
        "nauc_precision_at_20_diff1": 0.07448873620234074,
        "nauc_precision_at_20_max": 0.5103567343969783,
        "nauc_precision_at_20_std": 0.3947127413905671,
        "nauc_precision_at_3_diff1": 0.41325848703555185,
        "nauc_precision_at_3_max": 0.5514822876490878,
        "nauc_precision_at_3_std": 0.16704641403919657,
        "nauc_precision_at_5_diff1": 0.2710231054483224,
        "nauc_precision_at_5_max": 0.5657744603974524,
        "nauc_precision_at_5_std": 0.29390510601882686,
        "nauc_recall_at_1000_diff1": 0.27544351073762274,
        "nauc_recall_at_1000_max": 0.5613912231559137,
        "nauc_recall_at_1000_std": 0.554154995331476,
        "nauc_recall_at_100_diff1": 0.4656943237064939,
        "nauc_recall_at_100_max": 0.7123700054734537,
        "nauc_recall_at_100_std": 0.25622202904150243,
        "nauc_recall_at_10_diff1": 0.5019294568907521,
        "nauc_recall_at_10_max": 0.5897557755404343,
        "nauc_recall_at_10_std": 0.13968086804117735,
        "nauc_recall_at_1_diff1": 0.6338003963353673,
        "nauc_recall_at_1_max": 0.3885449030712879,
        "nauc_recall_at_1_std": -0.05373374585570079,
        "nauc_recall_at_20_diff1": 0.4238005410267153,
        "nauc_recall_at_20_max": 0.6532631531970696,
        "nauc_recall_at_20_std": 0.23378035551222415,
        "nauc_recall_at_3_diff1": 0.5406742445434555,
        "nauc_recall_at_3_max": 0.49675744302509095,
        "nauc_recall_at_3_std": 0.0287780552963324,
        "nauc_recall_at_5_diff1": 0.4645995145028428,
        "nauc_recall_at_5_max": 0.5067289680132915,
        "nauc_recall_at_5_std": 0.09427332043075293,
        "ndcg_at_1": 0.45667,
        "ndcg_at_10": 0.59651,
        "ndcg_at_100": 0.62949,
        "ndcg_at_1000": 0.64104,
        "ndcg_at_20": 0.6111,
        "ndcg_at_3": 0.5284,
        "ndcg_at_5": 0.5729,
        "precision_at_1": 0.45667,
        "precision_at_10": 0.08533,
        "precision_at_100": 0.0103,
        "precision_at_1000": 0.00112,
        "precision_at_20": 0.04583,
        "precision_at_3": 0.21,
        "precision_at_5": 0.15067,
        "recall_at_1": 0.43567,
        "recall_at_10": 0.75233,
        "recall_at_100": 0.90333,
        "recall_at_1000": 0.99333,
        "recall_at_20": 0.80633,
        "recall_at_3": 0.57844,
        "recall_at_5": 0.68606
      }
    ]
  },
  "task_name": "SciFact"
}