{
  "dataset_revision": "0228b52cf27578f30900b9e5271d331663a030d7",
  "evaluation_time": 554.0548446178436,
  "kg_co2_emissions": null,
  "mteb_version": "1.14.10",
  "scores": {
    "test": [
      {
        "hf_subset": "default",
        "languages": [
          "eng-Latn"
        ],
        "main_score": 0.49031,
        "map_at_1": 0.34789,
        "map_at_10": 0.44467,
        "map_at_100": 0.45282,
        "map_at_1000": 0.45346,
        "map_at_20": 0.44848,
        "map_at_3": 0.41992,
        "map_at_5": 0.43178,
        "mrr_at_1": 0.36,
        "mrr_at_10": 0.4515714285714286,
        "mrr_at_100": 0.4584056769301627,
        "mrr_at_1000": 0.45899946463240476,
        "mrr_at_20": 0.4544394626271563,
        "mrr_at_3": 0.4327777777777776,
        "mrr_at_5": 0.4426111111111111,
        "nauc_map_at_1000_diff1": 0.5662973265133469,
        "nauc_map_at_1000_max": 0.5061184196224018,
        "nauc_map_at_1000_std": 0.12040907824919438,
        "nauc_map_at_100_diff1": 0.5662258581035146,
        "nauc_map_at_100_max": 0.5065311199650966,
        "nauc_map_at_100_std": 0.12081904390858422,
        "nauc_map_at_10_diff1": 0.568247411038265,
        "nauc_map_at_10_max": 0.5045330591938381,
        "nauc_map_at_10_std": 0.11406979055446657,
        "nauc_map_at_1_diff1": 0.6142652444018448,
        "nauc_map_at_1_max": 0.4552468024631484,
        "nauc_map_at_1_std": 0.04478069392675868,
        "nauc_map_at_20_diff1": 0.5651779839518162,
        "nauc_map_at_20_max": 0.5069031963054347,
        "nauc_map_at_20_std": 0.11938159641623625,
        "nauc_map_at_3_diff1": 0.5728947535470784,
        "nauc_map_at_3_max": 0.48700729854824937,
        "nauc_map_at_3_std": 0.08362392364613817,
        "nauc_map_at_5_diff1": 0.5668255349901119,
        "nauc_map_at_5_max": 0.4931027370396934,
        "nauc_map_at_5_std": 0.1035897042214438,
        "nauc_mrr_at_1000_diff1": 0.5681470547824649,
        "nauc_mrr_at_1000_max": 0.506437935217528,
        "nauc_mrr_at_1000_std": 0.12468095059453076,
        "nauc_mrr_at_100_diff1": 0.5680870431586512,
        "nauc_mrr_at_100_max": 0.5068424190238873,
        "nauc_mrr_at_100_std": 0.125205607800619,
        "nauc_mrr_at_10_diff1": 0.5683300034969271,
        "nauc_mrr_at_10_max": 0.505539540828407,
        "nauc_mrr_at_10_std": 0.12334094182991866,
        "nauc_mrr_at_1_diff1": 0.6158566454976468,
        "nauc_mrr_at_1_max": 0.4679884182718381,
        "nauc_mrr_at_1_std": 0.05893647544568669,
        "nauc_mrr_at_20_diff1": 0.5671267643075141,
        "nauc_mrr_at_20_max": 0.5076721309076845,
        "nauc_mrr_at_20_std": 0.1246243265809884,
        "nauc_mrr_at_3_diff1": 0.5671613991856534,
        "nauc_mrr_at_3_max": 0.49877419369143944,
        "nauc_mrr_at_3_std": 0.10828633238900263,
        "nauc_mrr_at_5_diff1": 0.5678120033498297,
        "nauc_mrr_at_5_max": 0.5006067965242336,
        "nauc_mrr_at_5_std": 0.1184953596397698,
        "nauc_ndcg_at_1000_diff1": 0.5550208119400091,
        "nauc_ndcg_at_1000_max": 0.5257776470621638,
        "nauc_ndcg_at_1000_std": 0.16177460932834392,
        "nauc_ndcg_at_100_diff1": 0.5531741313327334,
        "nauc_ndcg_at_100_max": 0.534168461046594,
        "nauc_ndcg_at_100_std": 0.17281046273256104,
        "nauc_ndcg_at_10_diff1": 0.5543666586563494,
        "nauc_ndcg_at_10_max": 0.5263092672810897,
        "nauc_ndcg_at_10_std": 0.148261894263045,
        "nauc_ndcg_at_1_diff1": 0.6158566454976468,
        "nauc_ndcg_at_1_max": 0.4679884182718381,
        "nauc_ndcg_at_1_std": 0.05893647544568669,
        "nauc_ndcg_at_20_diff1": 0.5465348148039042,
        "nauc_ndcg_at_20_max": 0.5351379142774795,
        "nauc_ndcg_at_20_std": 0.16045162730876364,
        "nauc_ndcg_at_3_diff1": 0.5580116337127301,
        "nauc_ndcg_at_3_max": 0.49807179752280917,
        "nauc_ndcg_at_3_std": 0.10380606018399627,
        "nauc_ndcg_at_5_diff1": 0.551328194563365,
        "nauc_ndcg_at_5_max": 0.506284904590446,
        "nauc_ndcg_at_5_std": 0.13311439458509938,
        "nauc_precision_at_1000_diff1": -0.05148413097073316,
        "nauc_precision_at_1000_max": 0.2535176300094113,
        "nauc_precision_at_1000_std": 0.5295584847487561,
        "nauc_precision_at_100_diff1": 0.13405242098027312,
        "nauc_precision_at_100_max": 0.4232334333323431,
        "nauc_precision_at_100_std": 0.5040077396687727,
        "nauc_precision_at_10_diff1": 0.3092381069204622,
        "nauc_precision_at_10_max": 0.5034454393927364,
        "nauc_precision_at_10_std": 0.3251917540353126,
        "nauc_precision_at_1_diff1": 0.6158566454976468,
        "nauc_precision_at_1_max": 0.4679884182718381,
        "nauc_precision_at_1_std": 0.05893647544568669,
        "nauc_precision_at_20_diff1": 0.23761380632233128,
        "nauc_precision_at_20_max": 0.5102334935455293,
        "nauc_precision_at_20_std": 0.3835835741356529,
        "nauc_precision_at_3_diff1": 0.4576510574330041,
        "nauc_precision_at_3_max": 0.5149436490007967,
        "nauc_precision_at_3_std": 0.2002040116790491,
        "nauc_precision_at_5_diff1": 0.377093040615399,
        "nauc_precision_at_5_max": 0.5066749432295882,
        "nauc_precision_at_5_std": 0.28354561669560857,
        "nauc_recall_at_1000_diff1": 0.4458090928679165,
        "nauc_recall_at_1000_max": 0.7511671335200708,
        "nauc_recall_at_1000_std": 0.7310924369747915,
        "nauc_recall_at_100_diff1": 0.49943311400021345,
        "nauc_recall_at_100_max": 0.6952520023423798,
        "nauc_recall_at_100_std": 0.471672538208677,
        "nauc_recall_at_10_diff1": 0.5120125305867219,
        "nauc_recall_at_10_max": 0.5892629869938786,
        "nauc_recall_at_10_std": 0.23445658867008232,
        "nauc_recall_at_1_diff1": 0.6142652444018448,
        "nauc_recall_at_1_max": 0.4552468024631484,
        "nauc_recall_at_1_std": 0.04478069392675868,
        "nauc_recall_at_20_diff1": 0.4803182885938141,
        "nauc_recall_at_20_max": 0.6376003304672576,
        "nauc_recall_at_20_std": 0.2888144262014607,
        "nauc_recall_at_3_diff1": 0.5186771000309804,
        "nauc_recall_at_3_max": 0.5126349142579457,
        "nauc_recall_at_3_std": 0.12868110709378258,
        "nauc_recall_at_5_diff1": 0.5023658082199965,
        "nauc_recall_at_5_max": 0.5248852253796842,
        "nauc_recall_at_5_std": 0.1941714413100584,
        "ndcg_at_1": 0.36,
        "ndcg_at_10": 0.49031,
        "ndcg_at_100": 0.53268,
        "ndcg_at_1000": 0.54967,
        "ndcg_at_20": 0.50305,
        "ndcg_at_3": 0.44619,
        "ndcg_at_5": 0.4647,
        "precision_at_1": 0.36,
        "precision_at_10": 0.07067,
        "precision_at_100": 0.00943,
        "precision_at_1000": 0.00109,
        "precision_at_20": 0.03833,
        "precision_at_3": 0.18111,
        "precision_at_5": 0.12133,
        "recall_at_1": 0.34789,
        "recall_at_10": 0.61894,
        "recall_at_100": 0.82367,
        "recall_at_1000": 0.95667,
        "recall_at_20": 0.66867,
        "recall_at_3": 0.50256,
        "recall_at_5": 0.54728
      }
    ]
  },
  "task_name": "SciFact"
}