{
  "dataset_revision": "0228b52cf27578f30900b9e5271d331663a030d7",
  "evaluation_time": 535.737975358963,
  "kg_co2_emissions": null,
  "mteb_version": "1.14.10",
  "scores": {
    "test": [
      {
        "hf_subset": "default",
        "languages": [
          "eng-Latn"
        ],
        "main_score": 0.63188,
        "map_at_1": 0.45567,
        "map_at_10": 0.57528,
        "map_at_100": 0.58101,
        "map_at_1000": 0.58151,
        "map_at_20": 0.57901,
        "map_at_3": 0.53873,
        "map_at_5": 0.56311,
        "mrr_at_1": 0.4766666666666667,
        "mrr_at_10": 0.5849682539682539,
        "mrr_at_100": 0.5897698970435746,
        "mrr_at_1000": 0.5902535883720789,
        "mrr_at_20": 0.5883594752197694,
        "mrr_at_3": 0.5572222222222223,
        "mrr_at_5": 0.5757222222222222,
        "nauc_map_at_1000_diff1": 0.6440342865396456,
        "nauc_map_at_1000_max": 0.4577703879126274,
        "nauc_map_at_1000_std": 0.0018807467423222833,
        "nauc_map_at_100_diff1": 0.6440525113088515,
        "nauc_map_at_100_max": 0.4582254523430823,
        "nauc_map_at_100_std": 0.0023767097001493502,
        "nauc_map_at_10_diff1": 0.6407192977289712,
        "nauc_map_at_10_max": 0.45515133028271015,
        "nauc_map_at_10_std": -0.0011940974700727102,
        "nauc_map_at_1_diff1": 0.7125381427076306,
        "nauc_map_at_1_max": 0.3844758687921473,
        "nauc_map_at_1_std": -0.07175399380444772,
        "nauc_map_at_20_diff1": 0.6434230128049532,
        "nauc_map_at_20_max": 0.4589539515233006,
        "nauc_map_at_20_std": 0.002593954618479561,
        "nauc_map_at_3_diff1": 0.6474534826342974,
        "nauc_map_at_3_max": 0.4334803528526552,
        "nauc_map_at_3_std": -0.030357982010331918,
        "nauc_map_at_5_diff1": 0.6453286200820856,
        "nauc_map_at_5_max": 0.4494115226266341,
        "nauc_map_at_5_std": -0.008861745664482248,
        "nauc_mrr_at_1000_diff1": 0.6409117797096995,
        "nauc_mrr_at_1000_max": 0.47540096895124495,
        "nauc_mrr_at_1000_std": 0.02651422552682929,
        "nauc_mrr_at_100_diff1": 0.6409078864669325,
        "nauc_mrr_at_100_max": 0.47579286800911874,
        "nauc_mrr_at_100_std": 0.026928653484655674,
        "nauc_mrr_at_10_diff1": 0.6371032694770135,
        "nauc_mrr_at_10_max": 0.4737344565791492,
        "nauc_mrr_at_10_std": 0.02563585296853491,
        "nauc_mrr_at_1_diff1": 0.6970276354569122,
        "nauc_mrr_at_1_max": 0.4262107308219268,
        "nauc_mrr_at_1_std": -0.02039728447383364,
        "nauc_mrr_at_20_diff1": 0.6396419190089035,
        "nauc_mrr_at_20_max": 0.4761269207847035,
        "nauc_mrr_at_20_std": 0.027236593394452953,
        "nauc_mrr_at_3_diff1": 0.6406885131531991,
        "nauc_mrr_at_3_max": 0.47719911630387274,
        "nauc_mrr_at_3_std": 0.019089279771618485,
        "nauc_mrr_at_5_diff1": 0.6384707068763377,
        "nauc_mrr_at_5_max": 0.4736597929099898,
        "nauc_mrr_at_5_std": 0.023588073875968986,
        "nauc_ndcg_at_1000_diff1": 0.6293469247963067,
        "nauc_ndcg_at_1000_max": 0.4776323290187814,
        "nauc_ndcg_at_1000_std": 0.030028230517825633,
        "nauc_ndcg_at_100_diff1": 0.6272805244742815,
        "nauc_ndcg_at_100_max": 0.4896727641449223,
        "nauc_ndcg_at_100_std": 0.043735510914255926,
        "nauc_ndcg_at_10_diff1": 0.6119654515075055,
        "nauc_ndcg_at_10_max": 0.47837513426285977,
        "nauc_ndcg_at_10_std": 0.030606433578139424,
        "nauc_ndcg_at_1_diff1": 0.6970276354569122,
        "nauc_ndcg_at_1_max": 0.4262107308219268,
        "nauc_ndcg_at_1_std": -0.02039728447383364,
        "nauc_ndcg_at_20_diff1": 0.6207510295051624,
        "nauc_ndcg_at_20_max": 0.4916333655198588,
        "nauc_ndcg_at_20_std": 0.04250633146719696,
        "nauc_ndcg_at_3_diff1": 0.6216976397942336,
        "nauc_ndcg_at_3_max": 0.4623945407344992,
        "nauc_ndcg_at_3_std": -0.001266359675713552,
        "nauc_ndcg_at_5_diff1": 0.6212253837566363,
        "nauc_ndcg_at_5_max": 0.47266882167020585,
        "nauc_ndcg_at_5_std": 0.01746579929188431,
        "nauc_precision_at_1000_diff1": -0.2809398744962807,
        "nauc_precision_at_1000_max": 0.2255391380474095,
        "nauc_precision_at_1000_std": 0.4326871027887502,
        "nauc_precision_at_100_diff1": -0.04453824862848524,
        "nauc_precision_at_100_max": 0.3824862848582848,
        "nauc_precision_at_100_std": 0.42084403924564195,
        "nauc_precision_at_10_diff1": 0.11915243425840262,
        "nauc_precision_at_10_max": 0.4699479817082484,
        "nauc_precision_at_10_std": 0.3378583557188674,
        "nauc_precision_at_1_diff1": 0.6970276354569122,
        "nauc_precision_at_1_max": 0.4262107308219268,
        "nauc_precision_at_1_std": -0.02039728447383364,
        "nauc_precision_at_20_diff1": 0.07510784313725417,
        "nauc_precision_at_20_max": 0.50238725490196,
        "nauc_precision_at_20_std": 0.41607352941176395,
        "nauc_precision_at_3_diff1": 0.4137046180117302,
        "nauc_precision_at_3_max": 0.5128814314351466,
        "nauc_precision_at_3_std": 0.14028045883139081,
        "nauc_precision_at_5_diff1": 0.26462935109103625,
        "nauc_precision_at_5_max": 0.5053000852476873,
        "nauc_precision_at_5_std": 0.26754830330323615,
        "nauc_recall_at_1000_diff1": 0.33846872082167134,
        "nauc_recall_at_1000_max": 0.3489729225023396,
        "nauc_recall_at_1000_std": 0.4561157796451869,
        "nauc_recall_at_100_diff1": 0.5477582846003913,
        "nauc_recall_at_100_max": 0.7172342621259038,
        "nauc_recall_at_100_std": 0.34854292594230707,
        "nauc_recall_at_10_diff1": 0.4818614859332726,
        "nauc_recall_at_10_max": 0.537084786524488,
        "nauc_recall_at_10_std": 0.1224305910282208,
        "nauc_recall_at_1_diff1": 0.7125381427076306,
        "nauc_recall_at_1_max": 0.3844758687921473,
        "nauc_recall_at_1_std": -0.07175399380444772,
        "nauc_recall_at_20_diff1": 0.5051962940772823,
        "nauc_recall_at_20_max": 0.6370731171337771,
        "nauc_recall_at_20_std": 0.2187097683694645,
        "nauc_recall_at_3_diff1": 0.555712174527384,
        "nauc_recall_at_3_max": 0.484124410830145,
        "nauc_recall_at_3_std": 0.01481690151198667,
        "nauc_recall_at_5_diff1": 0.5308735257810183,
        "nauc_recall_at_5_max": 0.5127030217891777,
        "nauc_recall_at_5_std": 0.06601183769130031,
        "ndcg_at_1": 0.47667,
        "ndcg_at_10": 0.63188,
        "ndcg_at_100": 0.65686,
        "ndcg_at_1000": 0.66856,
        "ndcg_at_20": 0.64457,
        "ndcg_at_3": 0.56989,
        "ndcg_at_5": 0.60659,
        "precision_at_1": 0.47667,
        "precision_at_10": 0.08967,
        "precision_at_100": 0.01033,
        "precision_at_1000": 0.00112,
        "precision_at_20": 0.0475,
        "precision_at_3": 0.22889,
        "precision_at_5": 0.16067,
        "recall_at_1": 0.45567,
        "recall_at_10": 0.794,
        "recall_at_100": 0.905,
        "recall_at_1000": 0.99333,
        "recall_at_20": 0.84233,
        "recall_at_3": 0.63283,
        "recall_at_5": 0.72128
      }
    ]
  },
  "task_name": "SciFact"
}