{
  "dataset_revision": "a34f9a33db75fa0cbb21bb5cfc3dae8dc8bec93f",
  "evaluation_time": 716.890852689743,
  "kg_co2_emissions": null,
  "mteb_version": "1.14.10",
  "scores": {
    "test": [
      {
        "hf_subset": "default",
        "languages": [
          "eng-Latn"
        ],
        "main_score": 0.14707,
        "map_at_1": 0.01354,
        "map_at_10": 0.05594,
        "map_at_100": 0.09295,
        "map_at_1000": 0.10449,
        "map_at_20": 0.0687,
        "map_at_3": 0.02252,
        "map_at_5": 0.03484,
        "mrr_at_1": 0.1836734693877551,
        "mrr_at_10": 0.3058551992225461,
        "mrr_at_100": 0.3192699062454001,
        "mrr_at_1000": 0.319531584967681,
        "mrr_at_20": 0.3125695732838589,
        "mrr_at_3": 0.2585034013605442,
        "mrr_at_5": 0.2860544217687075,
        "nauc_map_at_1000_diff1": -0.10236648532573348,
        "nauc_map_at_1000_max": -0.12939814835028612,
        "nauc_map_at_1000_std": 0.13509839386176317,
        "nauc_map_at_100_diff1": -0.10450054021712031,
        "nauc_map_at_100_max": -0.15110700929592433,
        "nauc_map_at_100_std": 0.09899659805961211,
        "nauc_map_at_10_diff1": -0.04333634577435827,
        "nauc_map_at_10_max": -0.20386952896863045,
        "nauc_map_at_10_std": -0.10042618425617664,
        "nauc_map_at_1_diff1": 0.010523800021742687,
        "nauc_map_at_1_max": -0.2239541645837349,
        "nauc_map_at_1_std": -0.14798121895205543,
        "nauc_map_at_20_diff1": -0.05556526935987913,
        "nauc_map_at_20_max": -0.1676183339217111,
        "nauc_map_at_20_std": -0.06088563928507218,
        "nauc_map_at_3_diff1": -0.09131951835610115,
        "nauc_map_at_3_max": -0.21039305600567246,
        "nauc_map_at_3_std": -0.11369311182377151,
        "nauc_map_at_5_diff1": -0.08671202905734812,
        "nauc_map_at_5_max": -0.21235582228780542,
        "nauc_map_at_5_std": -0.12146373868797636,
        "nauc_mrr_at_1000_diff1": -0.10948592368167256,
        "nauc_mrr_at_1000_max": -0.21409804646610484,
        "nauc_mrr_at_1000_std": -0.020608232654996377,
        "nauc_mrr_at_100_diff1": -0.10977313641685599,
        "nauc_mrr_at_100_max": -0.2138511312347257,
        "nauc_mrr_at_100_std": -0.01981204349716988,
        "nauc_mrr_at_10_diff1": -0.09182464556507221,
        "nauc_mrr_at_10_max": -0.2299404582983852,
        "nauc_mrr_at_10_std": -0.02099849376360648,
        "nauc_mrr_at_1_diff1": -0.13279787259014,
        "nauc_mrr_at_1_max": -0.1670023469927955,
        "nauc_mrr_at_1_std": -0.11407053592624262,
        "nauc_mrr_at_20_diff1": -0.10778683741319518,
        "nauc_mrr_at_20_max": -0.21983364744651077,
        "nauc_mrr_at_20_std": -0.022402038004692384,
        "nauc_mrr_at_3_diff1": -0.15848168969494242,
        "nauc_mrr_at_3_max": -0.19281765360624778,
        "nauc_mrr_at_3_std": -0.0239870560311398,
        "nauc_mrr_at_5_diff1": -0.1272274894093983,
        "nauc_mrr_at_5_max": -0.2090492385356576,
        "nauc_mrr_at_5_std": -0.0242967934914899,
        "nauc_ndcg_at_1000_diff1": -0.15466810975287532,
        "nauc_ndcg_at_1000_max": -0.06367346387646967,
        "nauc_ndcg_at_1000_std": 0.4234013615585823,
        "nauc_ndcg_at_100_diff1": -0.14394240686717635,
        "nauc_ndcg_at_100_max": -0.1783948987569962,
        "nauc_ndcg_at_100_std": 0.30411059026946347,
        "nauc_ndcg_at_10_diff1": -0.029949333802457265,
        "nauc_ndcg_at_10_max": -0.17829151484446648,
        "nauc_ndcg_at_10_std": 0.01254546467896755,
        "nauc_ndcg_at_1_diff1": -0.10602070375863558,
        "nauc_ndcg_at_1_max": -0.1453262291355838,
        "nauc_ndcg_at_1_std": -0.04706057583401309,
        "nauc_ndcg_at_20_diff1": -0.05702780512655352,
        "nauc_ndcg_at_20_max": -0.20278853771402555,
        "nauc_ndcg_at_20_std": 0.017119435917853924,
        "nauc_ndcg_at_3_diff1": -0.1306475315665009,
        "nauc_ndcg_at_3_max": -0.14519888858702826,
        "nauc_ndcg_at_3_std": -0.010938301939114865,
        "nauc_ndcg_at_5_diff1": -0.10442986345910804,
        "nauc_ndcg_at_5_max": -0.16403430872846697,
        "nauc_ndcg_at_5_std": -0.02425274771496163,
        "nauc_precision_at_1000_diff1": -0.07192289242492951,
        "nauc_precision_at_1000_max": 0.42492374052557175,
        "nauc_precision_at_1000_std": 0.45421459197387254,
        "nauc_precision_at_100_diff1": -0.188328170442039,
        "nauc_precision_at_100_max": -0.03673020868695605,
        "nauc_precision_at_100_std": 0.5905681337101855,
        "nauc_precision_at_10_diff1": 0.025455066485187885,
        "nauc_precision_at_10_max": -0.17325824016282937,
        "nauc_precision_at_10_std": 0.04971952205921666,
        "nauc_precision_at_1_diff1": -0.13279787259014,
        "nauc_precision_at_1_max": -0.1670023469927955,
        "nauc_precision_at_1_std": -0.11407053592624262,
        "nauc_precision_at_20_diff1": -0.04697129278299954,
        "nauc_precision_at_20_max": -0.1129013927697572,
        "nauc_precision_at_20_std": 0.11129313273396897,
        "nauc_precision_at_3_diff1": -0.1984863955743926,
        "nauc_precision_at_3_max": -0.17216488022327645,
        "nauc_precision_at_3_std": -0.027330802816013227,
        "nauc_precision_at_5_diff1": -0.11740246727051536,
        "nauc_precision_at_5_max": -0.18604088780143455,
        "nauc_precision_at_5_std": -0.04132087149501005,
        "nauc_recall_at_1000_diff1": -0.18110388688462373,
        "nauc_recall_at_1000_max": 0.04570283507679223,
        "nauc_recall_at_1000_std": 0.6506993694007406,
        "nauc_recall_at_100_diff1": -0.2108187506598875,
        "nauc_recall_at_100_max": -0.1711983845828321,
        "nauc_recall_at_100_std": 0.43996294096828936,
        "nauc_recall_at_10_diff1": -0.012745329228828296,
        "nauc_recall_at_10_max": -0.24880467850841048,
        "nauc_recall_at_10_std": -0.05650644039948657,
        "nauc_recall_at_1_diff1": 0.010523800021742687,
        "nauc_recall_at_1_max": -0.2239541645837349,
        "nauc_recall_at_1_std": -0.14798121895205543,
        "nauc_recall_at_20_diff1": -0.06863348583503827,
        "nauc_recall_at_20_max": -0.21725038021695947,
        "nauc_recall_at_20_std": 0.003949633778992671,
        "nauc_recall_at_3_diff1": -0.13958342230953247,
        "nauc_recall_at_3_max": -0.2091257547345287,
        "nauc_recall_at_3_std": -0.06285966378197506,
        "nauc_recall_at_5_diff1": -0.09787758742081472,
        "nauc_recall_at_5_max": -0.24185772192222155,
        "nauc_recall_at_5_std": -0.08782825092348162,
        "ndcg_at_1": 0.15306,
        "ndcg_at_10": 0.14707,
        "ndcg_at_100": 0.23831,
        "ndcg_at_1000": 0.35101,
        "ndcg_at_20": 0.15216,
        "ndcg_at_3": 0.13152,
        "ndcg_at_5": 0.14231,
        "precision_at_1": 0.18367,
        "precision_at_10": 0.14898,
        "precision_at_100": 0.05592,
        "precision_at_1000": 0.01284,
        "precision_at_20": 0.10714,
        "precision_at_3": 0.14286,
        "precision_at_5": 0.15918,
        "recall_at_1": 0.01354,
        "recall_at_10": 0.11114,
        "recall_at_100": 0.34004,
        "recall_at_1000": 0.68664,
        "recall_at_20": 0.15555,
        "recall_at_3": 0.02875,
        "recall_at_5": 0.05761
      }
    ]
  },
  "task_name": "Touche2020"
}