{
  "dataset_revision": "ec0fa4fe99da2ff19ca1214b7966684033a58814",
  "evaluation_time": 9.342358589172363,
  "kg_co2_emissions": null,
  "mteb_version": "1.14.10",
  "scores": {
    "test": [
      {
        "hf_subset": "default",
        "languages": [
          "eng-Latn"
        ],
        "main_score": 0.21069,
        "map_at_1": 0.02878,
        "map_at_10": 0.06517,
        "map_at_100": 0.08554,
        "map_at_1000": 0.09749,
        "map_at_20": 0.07326,
        "map_at_3": 0.04642,
        "map_at_5": 0.05546,
        "mrr_at_1": 0.29721362229102166,
        "mrr_at_10": 0.382048257899651,
        "mrr_at_100": 0.38889877968213016,
        "mrr_at_1000": 0.38963716078224386,
        "mrr_at_20": 0.3854956684453995,
        "mrr_at_3": 0.35345717234262114,
        "mrr_at_5": 0.3704850361197109,
        "nauc_map_at_1000_diff1": 0.16792061194683347,
        "nauc_map_at_1000_max": 0.34143896778946037,
        "nauc_map_at_1000_std": 0.22720489332248242,
        "nauc_map_at_100_diff1": 0.17365412335786132,
        "nauc_map_at_100_max": 0.31909411875763677,
        "nauc_map_at_100_std": 0.18788396436751817,
        "nauc_map_at_10_diff1": 0.19769372168243712,
        "nauc_map_at_10_max": 0.26589551164619235,
        "nauc_map_at_10_std": 0.09521751124285614,
        "nauc_map_at_1_diff1": 0.381286859683396,
        "nauc_map_at_1_max": 0.17388650627246208,
        "nauc_map_at_1_std": -0.05867530621541074,
        "nauc_map_at_20_diff1": 0.18802506599649602,
        "nauc_map_at_20_max": 0.2998147911151068,
        "nauc_map_at_20_std": 0.13770781921891345,
        "nauc_map_at_3_diff1": 0.28189157573773166,
        "nauc_map_at_3_max": 0.20304078928571817,
        "nauc_map_at_3_std": -0.008478373419699316,
        "nauc_map_at_5_diff1": 0.2206022630894404,
        "nauc_map_at_5_max": 0.22661954061086245,
        "nauc_map_at_5_std": 0.03520096753153481,
        "nauc_mrr_at_1000_diff1": 0.2607514733167116,
        "nauc_mrr_at_1000_max": 0.3624268184356189,
        "nauc_mrr_at_1000_std": 0.17224360200367797,
        "nauc_mrr_at_100_diff1": 0.26085275163682536,
        "nauc_mrr_at_100_max": 0.3628611400634745,
        "nauc_mrr_at_100_std": 0.17282335770477372,
        "nauc_mrr_at_10_diff1": 0.2601537167068806,
        "nauc_mrr_at_10_max": 0.35955055592823704,
        "nauc_mrr_at_10_std": 0.1679382839031024,
        "nauc_mrr_at_1_diff1": 0.2755975797003277,
        "nauc_mrr_at_1_max": 0.3324920058034429,
        "nauc_mrr_at_1_std": 0.14846797741651865,
        "nauc_mrr_at_20_diff1": 0.2606165002230323,
        "nauc_mrr_at_20_max": 0.36019329210512746,
        "nauc_mrr_at_20_std": 0.1687739622627545,
        "nauc_mrr_at_3_diff1": 0.26488437320354485,
        "nauc_mrr_at_3_max": 0.3388129566729376,
        "nauc_mrr_at_3_std": 0.15603399940053572,
        "nauc_mrr_at_5_diff1": 0.26130484142855837,
        "nauc_mrr_at_5_max": 0.35075534727733204,
        "nauc_mrr_at_5_std": 0.16010118121631622,
        "nauc_ndcg_at_1000_diff1": 0.18666989449779406,
        "nauc_ndcg_at_1000_max": 0.48596801250435034,
        "nauc_ndcg_at_1000_std": 0.3557692924624976,
        "nauc_ndcg_at_100_diff1": 0.1857596627545366,
        "nauc_ndcg_at_100_max": 0.3883666641205365,
        "nauc_ndcg_at_100_std": 0.257877247206286,
        "nauc_ndcg_at_10_diff1": 0.15848795539895497,
        "nauc_ndcg_at_10_max": 0.3691118232619004,
        "nauc_ndcg_at_10_std": 0.22854987583914257,
        "nauc_ndcg_at_1_diff1": 0.2856557542500758,
        "nauc_ndcg_at_1_max": 0.3214840980628914,
        "nauc_ndcg_at_1_std": 0.13791765690445912,
        "nauc_ndcg_at_20_diff1": 0.16850110500841484,
        "nauc_ndcg_at_20_max": 0.3729160609610019,
        "nauc_ndcg_at_20_std": 0.22843528675060382,
        "nauc_ndcg_at_3_diff1": 0.20109769369509028,
        "nauc_ndcg_at_3_max": 0.33343151567619095,
        "nauc_ndcg_at_3_std": 0.15324327535420196,
        "nauc_ndcg_at_5_diff1": 0.16466418949538172,
        "nauc_ndcg_at_5_max": 0.3561406221011455,
        "nauc_ndcg_at_5_std": 0.20219511988347094,
        "nauc_precision_at_1000_diff1": -0.005261071398808591,
        "nauc_precision_at_1000_max": 0.14566907759009737,
        "nauc_precision_at_1000_std": 0.2372184658099848,
        "nauc_precision_at_100_diff1": 0.010051599863512605,
        "nauc_precision_at_100_max": 0.2629357872393031,
        "nauc_precision_at_100_std": 0.3740692518293877,
        "nauc_precision_at_10_diff1": 0.040191164876843745,
        "nauc_precision_at_10_max": 0.39177171407798,
        "nauc_precision_at_10_std": 0.3316581740901977,
        "nauc_precision_at_1_diff1": 0.2755975797003277,
        "nauc_precision_at_1_max": 0.3324920058034429,
        "nauc_precision_at_1_std": 0.14846797741651865,
        "nauc_precision_at_20_diff1": 0.028591123587527755,
        "nauc_precision_at_20_max": 0.37193869260043155,
        "nauc_precision_at_20_std": 0.3617452497455433,
        "nauc_precision_at_3_diff1": 0.13992048486736203,
        "nauc_precision_at_3_max": 0.3493529397803455,
        "nauc_precision_at_3_std": 0.1898558599013571,
        "nauc_precision_at_5_diff1": 0.062409407522773616,
        "nauc_precision_at_5_max": 0.3783896193535096,
        "nauc_precision_at_5_std": 0.27034232179856504,
        "nauc_recall_at_1000_diff1": 0.13018687410633123,
        "nauc_recall_at_1000_max": 0.33878883566352663,
        "nauc_recall_at_1000_std": 0.29477165985716736,
        "nauc_recall_at_100_diff1": 0.11615048908317581,
        "nauc_recall_at_100_max": 0.26154934073859015,
        "nauc_recall_at_100_std": 0.1930190986110702,
        "nauc_recall_at_10_diff1": 0.12080584880305466,
        "nauc_recall_at_10_max": 0.19359289795058154,
        "nauc_recall_at_10_std": 0.07042248906956294,
        "nauc_recall_at_1_diff1": 0.381286859683396,
        "nauc_recall_at_1_max": 0.17388650627246208,
        "nauc_recall_at_1_std": -0.05867530621541074,
        "nauc_recall_at_20_diff1": 0.1158186650452111,
        "nauc_recall_at_20_max": 0.23105196881293397,
        "nauc_recall_at_20_std": 0.10112203526170604,
        "nauc_recall_at_3_diff1": 0.21719889807653786,
        "nauc_recall_at_3_max": 0.14781520163254291,
        "nauc_recall_at_3_std": -0.04058409498562854,
        "nauc_recall_at_5_diff1": 0.13897779786372436,
        "nauc_recall_at_5_max": 0.16963812937264622,
        "nauc_recall_at_5_std": -0.00017581964255705958,
        "ndcg_at_1": 0.28483,
        "ndcg_at_10": 0.21069,
        "ndcg_at_100": 0.20522,
        "ndcg_at_1000": 0.30195,
        "ndcg_at_20": 0.19812,
        "ndcg_at_3": 0.24262,
        "ndcg_at_5": 0.23092,
        "precision_at_1": 0.29721,
        "precision_at_10": 0.15851,
        "precision_at_100": 0.05625,
        "precision_at_1000": 0.01855,
        "precision_at_20": 0.11796,
        "precision_at_3": 0.22807,
        "precision_at_5": 0.20248,
        "recall_at_1": 0.02878,
        "recall_at_10": 0.10328,
        "recall_at_100": 0.22577,
        "recall_at_1000": 0.56478,
        "recall_at_20": 0.13221,
        "recall_at_3": 0.05786,
        "recall_at_5": 0.07679
      }
    ]
  },
  "task_name": "NFCorpus"
}