{
  "dataset_revision": "ec0fa4fe99da2ff19ca1214b7966684033a58814",
  "evaluation_time": 226.82775807380676,
  "kg_co2_emissions": null,
  "mteb_version": "1.14.9",
  "scores": {
    "test": [
      {
        "hf_subset": "default",
        "languages": [
          "eng-Latn"
        ],
        "main_score": 0.31353,
        "map_at_1": 0.04464,
        "map_at_10": 0.11036,
        "map_at_100": 0.14183,
        "map_at_1000": 0.15602,
        "map_at_20": 0.12257,
        "map_at_3": 0.0769,
        "map_at_5": 0.09212,
        "mrr_at_1": 0.42105263157894735,
        "mrr_at_10": 0.5073517126148706,
        "mrr_at_100": 0.5132540577934421,
        "mrr_at_1000": 0.5137708058874555,
        "mrr_at_20": 0.5102592496942342,
        "mrr_at_3": 0.4840041279669763,
        "mrr_at_5": 0.49994840041279665,
        "nauc_map_at_1000_diff1": 0.14127720454907067,
        "nauc_map_at_1000_max": 0.2493800732298543,
        "nauc_map_at_1000_std": 0.21603919308288572,
        "nauc_map_at_100_diff1": 0.15328249693325602,
        "nauc_map_at_100_max": 0.23858577276317533,
        "nauc_map_at_100_std": 0.17556178820100948,
        "nauc_map_at_10_diff1": 0.18612388317459386,
        "nauc_map_at_10_max": 0.18245263438505985,
        "nauc_map_at_10_std": 0.05424231614665984,
        "nauc_map_at_1_diff1": 0.32130227865065564,
        "nauc_map_at_1_max": 0.032661331713436284,
        "nauc_map_at_1_std": -0.07171306323077895,
        "nauc_map_at_20_diff1": 0.17107291067337796,
        "nauc_map_at_20_max": 0.21118464963437733,
        "nauc_map_at_20_std": 0.10281629691161427,
        "nauc_map_at_3_diff1": 0.24699531118046614,
        "nauc_map_at_3_max": 0.10775797085395508,
        "nauc_map_at_3_std": -0.024104683581440706,
        "nauc_map_at_5_diff1": 0.22229297207884194,
        "nauc_map_at_5_max": 0.1396164434891316,
        "nauc_map_at_5_std": 0.0015798663673496395,
        "nauc_mrr_at_1000_diff1": 0.2816961560409344,
        "nauc_mrr_at_1000_max": 0.39091910925197576,
        "nauc_mrr_at_1000_std": 0.22434760746292845,
        "nauc_mrr_at_100_diff1": 0.28187184101889684,
        "nauc_mrr_at_100_max": 0.391366132584076,
        "nauc_mrr_at_100_std": 0.22505781769590052,
        "nauc_mrr_at_10_diff1": 0.2845517444643317,
        "nauc_mrr_at_10_max": 0.39170253258526844,
        "nauc_mrr_at_10_std": 0.22047065322563644,
        "nauc_mrr_at_1_diff1": 0.2784470769663149,
        "nauc_mrr_at_1_max": 0.3345110132506608,
        "nauc_mrr_at_1_std": 0.15513349619241293,
        "nauc_mrr_at_20_diff1": 0.2833635733082288,
        "nauc_mrr_at_20_max": 0.3914476458004869,
        "nauc_mrr_at_20_std": 0.2249419016340285,
        "nauc_mrr_at_3_diff1": 0.2757370083376647,
        "nauc_mrr_at_3_max": 0.37379444504420645,
        "nauc_mrr_at_3_std": 0.2000073239969942,
        "nauc_mrr_at_5_diff1": 0.2812183671877705,
        "nauc_mrr_at_5_max": 0.39069485312454194,
        "nauc_mrr_at_5_std": 0.21855628203781746,
        "nauc_ndcg_at_1000_diff1": 0.17150556130845301,
        "nauc_ndcg_at_1000_max": 0.4196147898385212,
        "nauc_ndcg_at_1000_std": 0.39348193920079494,
        "nauc_ndcg_at_100_diff1": 0.16487853847587458,
        "nauc_ndcg_at_100_max": 0.3414941017196787,
        "nauc_ndcg_at_100_std": 0.3103111334345165,
        "nauc_ndcg_at_10_diff1": 0.15042957034935295,
        "nauc_ndcg_at_10_max": 0.32288563542511195,
        "nauc_ndcg_at_10_std": 0.2812823633905108,
        "nauc_ndcg_at_1_diff1": 0.2987601690993387,
        "nauc_ndcg_at_1_max": 0.3067487050028785,
        "nauc_ndcg_at_1_std": 0.14632140092979323,
        "nauc_ndcg_at_20_diff1": 0.13727625090341417,
        "nauc_ndcg_at_20_max": 0.30781426914677035,
        "nauc_ndcg_at_20_std": 0.3008192197750548,
        "nauc_ndcg_at_3_diff1": 0.1844181526312021,
        "nauc_ndcg_at_3_max": 0.30831172578270405,
        "nauc_ndcg_at_3_std": 0.2134591009660698,
        "nauc_ndcg_at_5_diff1": 0.1665437534731195,
        "nauc_ndcg_at_5_max": 0.31850857448454345,
        "nauc_ndcg_at_5_std": 0.24736191456899434,
        "nauc_precision_at_1000_diff1": -0.122740416398183,
        "nauc_precision_at_1000_max": 0.07111506124266175,
        "nauc_precision_at_1000_std": 0.3494507758201833,
        "nauc_precision_at_100_diff1": -0.08990126946853684,
        "nauc_precision_at_100_max": 0.18409561562913948,
        "nauc_precision_at_100_std": 0.4557317218321815,
        "nauc_precision_at_10_diff1": 0.008434870016609029,
        "nauc_precision_at_10_max": 0.34555178367205064,
        "nauc_precision_at_10_std": 0.3879283869145861,
        "nauc_precision_at_1_diff1": 0.28673766292780895,
        "nauc_precision_at_1_max": 0.33520830305701266,
        "nauc_precision_at_1_std": 0.158044380371208,
        "nauc_precision_at_20_diff1": -0.03874974734635276,
        "nauc_precision_at_20_max": 0.2900438529119411,
        "nauc_precision_at_20_std": 0.4452559352613637,
        "nauc_precision_at_3_diff1": 0.11417722495068384,
        "nauc_precision_at_3_max": 0.35056125156028856,
        "nauc_precision_at_3_std": 0.26477478300761875,
        "nauc_precision_at_5_diff1": 0.06726211448643048,
        "nauc_precision_at_5_max": 0.36610424557753096,
        "nauc_precision_at_5_std": 0.3357057608482212,
        "nauc_recall_at_1000_diff1": 0.07936645847010307,
        "nauc_recall_at_1000_max": 0.3095453021075534,
        "nauc_recall_at_1000_std": 0.3052304959281223,
        "nauc_recall_at_100_diff1": 0.12457309444791052,
        "nauc_recall_at_100_max": 0.2365310769010845,
        "nauc_recall_at_100_std": 0.19868943203460823,
        "nauc_recall_at_10_diff1": 0.17338315382082956,
        "nauc_recall_at_10_max": 0.17900241288090482,
        "nauc_recall_at_10_std": 0.05733266865956214,
        "nauc_recall_at_1_diff1": 0.32130227865065564,
        "nauc_recall_at_1_max": 0.032661331713436284,
        "nauc_recall_at_1_std": -0.07171306323077895,
        "nauc_recall_at_20_diff1": 0.1503070700279753,
        "nauc_recall_at_20_max": 0.19770207700848455,
        "nauc_recall_at_20_std": 0.11217652713240003,
        "nauc_recall_at_3_diff1": 0.23166122986128435,
        "nauc_recall_at_3_max": 0.1259741617984611,
        "nauc_recall_at_3_std": -0.012692703376064887,
        "nauc_recall_at_5_diff1": 0.1919025533062453,
        "nauc_recall_at_5_max": 0.14125691633793214,
        "nauc_recall_at_5_std": 0.010757012976609526,
        "ndcg_at_1": 0.39783,
        "ndcg_at_10": 0.31353,
        "ndcg_at_100": 0.29239,
        "ndcg_at_1000": 0.38008,
        "ndcg_at_20": 0.29203,
        "ndcg_at_3": 0.36268,
        "ndcg_at_5": 0.33876,
        "precision_at_1": 0.41796,
        "precision_at_10": 0.23932,
        "precision_at_100": 0.07907,
        "precision_at_1000": 0.02077,
        "precision_at_20": 0.17755,
        "precision_at_3": 0.34572,
        "precision_at_5": 0.29598,
        "recall_at_1": 0.04464,
        "recall_at_10": 0.15261,
        "recall_at_100": 0.30835,
        "recall_at_1000": 0.62284,
        "recall_at_20": 0.18496,
        "recall_at_3": 0.08705,
        "recall_at_5": 0.11618
      }
    ]
  },
  "task_name": "NFCorpus"
}