{
  "dataset_revision": "ec0fa4fe99da2ff19ca1214b7966684033a58814",
  "evaluation_time": 306.59740352630615,
  "kg_co2_emissions": null,
  "mteb_version": "1.14.9",
  "scores": {
    "test": [
      {
        "hf_subset": "default",
        "languages": [
          "eng-Latn"
        ],
        "main_score": 0.30281,
        "map_at_1": 0.04304,
        "map_at_10": 0.10474,
        "map_at_100": 0.13492,
        "map_at_1000": 0.14895,
        "map_at_20": 0.11699,
        "map_at_3": 0.07224,
        "map_at_5": 0.08688,
        "mrr_at_1": 0.4086687306501548,
        "mrr_at_10": 0.495795862204531,
        "mrr_at_100": 0.501622949732219,
        "mrr_at_1000": 0.5021156482532259,
        "mrr_at_20": 0.49950248775731143,
        "mrr_at_3": 0.47058823529411764,
        "mrr_at_5": 0.4840557275541795,
        "nauc_map_at_1000_diff1": 0.09511110158109642,
        "nauc_map_at_1000_max": 0.2643671482534276,
        "nauc_map_at_1000_std": 0.1958079411947138,
        "nauc_map_at_100_diff1": 0.1085071813888139,
        "nauc_map_at_100_max": 0.2515920587762073,
        "nauc_map_at_100_std": 0.15967481785816068,
        "nauc_map_at_10_diff1": 0.14796441622138473,
        "nauc_map_at_10_max": 0.1940871607578368,
        "nauc_map_at_10_std": 0.040011725113501574,
        "nauc_map_at_1_diff1": 0.2662911260155261,
        "nauc_map_at_1_max": 0.048713429029998236,
        "nauc_map_at_1_std": -0.12112276410657472,
        "nauc_map_at_20_diff1": 0.12478432161761802,
        "nauc_map_at_20_max": 0.22156227743697066,
        "nauc_map_at_20_std": 0.09299864271023477,
        "nauc_map_at_3_diff1": 0.2240111810440832,
        "nauc_map_at_3_max": 0.13038088199652265,
        "nauc_map_at_3_std": -0.03454556503226999,
        "nauc_map_at_5_diff1": 0.19290024710421824,
        "nauc_map_at_5_max": 0.16643380278037792,
        "nauc_map_at_5_std": -0.005683989794962674,
        "nauc_mrr_at_1000_diff1": 0.3146697687488435,
        "nauc_mrr_at_1000_max": 0.4297965810753661,
        "nauc_mrr_at_1000_std": 0.22456203605393907,
        "nauc_mrr_at_100_diff1": 0.31480548829137717,
        "nauc_mrr_at_100_max": 0.4301367483870945,
        "nauc_mrr_at_100_std": 0.22509189114379755,
        "nauc_mrr_at_10_diff1": 0.3160585220147975,
        "nauc_mrr_at_10_max": 0.4269419389780969,
        "nauc_mrr_at_10_std": 0.22040395281985772,
        "nauc_mrr_at_1_diff1": 0.3028178094100416,
        "nauc_mrr_at_1_max": 0.363714984876188,
        "nauc_mrr_at_1_std": 0.15879527932059537,
        "nauc_mrr_at_20_diff1": 0.3157145114958467,
        "nauc_mrr_at_20_max": 0.42999683412368916,
        "nauc_mrr_at_20_std": 0.22447073714432492,
        "nauc_mrr_at_3_diff1": 0.31353097540138036,
        "nauc_mrr_at_3_max": 0.41855742912041194,
        "nauc_mrr_at_3_std": 0.20435877968252195,
        "nauc_mrr_at_5_diff1": 0.3189774802234939,
        "nauc_mrr_at_5_max": 0.42880714279030174,
        "nauc_mrr_at_5_std": 0.21566395987106993,
        "nauc_ndcg_at_1000_diff1": 0.12749722329449376,
        "nauc_ndcg_at_1000_max": 0.43017111089800425,
        "nauc_ndcg_at_1000_std": 0.36568489020650025,
        "nauc_ndcg_at_100_diff1": 0.13208744134003916,
        "nauc_ndcg_at_100_max": 0.353318785161851,
        "nauc_ndcg_at_100_std": 0.2753254735293258,
        "nauc_ndcg_at_10_diff1": 0.14526850173295125,
        "nauc_ndcg_at_10_max": 0.33475871343403685,
        "nauc_ndcg_at_10_std": 0.24906840586805504,
        "nauc_ndcg_at_1_diff1": 0.31669319247180866,
        "nauc_ndcg_at_1_max": 0.34121312574546436,
        "nauc_ndcg_at_1_std": 0.13002145266505896,
        "nauc_ndcg_at_20_diff1": 0.12246250754433378,
        "nauc_ndcg_at_20_max": 0.326720902935357,
        "nauc_ndcg_at_20_std": 0.26209218148893626,
        "nauc_ndcg_at_3_diff1": 0.22247835972146907,
        "nauc_ndcg_at_3_max": 0.3357396050616759,
        "nauc_ndcg_at_3_std": 0.18726780995031697,
        "nauc_ndcg_at_5_diff1": 0.18603848227157982,
        "nauc_ndcg_at_5_max": 0.3492698411479543,
        "nauc_ndcg_at_5_std": 0.22451475007959448,
        "nauc_precision_at_1000_diff1": -0.12403857518486523,
        "nauc_precision_at_1000_max": 0.09839319184873477,
        "nauc_precision_at_1000_std": 0.278735768943155,
        "nauc_precision_at_100_diff1": -0.10196312980265113,
        "nauc_precision_at_100_max": 0.21285153295304488,
        "nauc_precision_at_100_std": 0.3981565068533234,
        "nauc_precision_at_10_diff1": 0.0072601791515574205,
        "nauc_precision_at_10_max": 0.35241436117919295,
        "nauc_precision_at_10_std": 0.36558691800901505,
        "nauc_precision_at_1_diff1": 0.31104836463752705,
        "nauc_precision_at_1_max": 0.3643788926482028,
        "nauc_precision_at_1_std": 0.14881087614116492,
        "nauc_precision_at_20_diff1": -0.05389622982046017,
        "nauc_precision_at_20_max": 0.30898900065762147,
        "nauc_precision_at_20_std": 0.413032002576159,
        "nauc_precision_at_3_diff1": 0.16720873925527652,
        "nauc_precision_at_3_max": 0.3713823156548923,
        "nauc_precision_at_3_std": 0.2494917256765583,
        "nauc_precision_at_5_diff1": 0.09392370465687912,
        "nauc_precision_at_5_max": 0.3838489132789666,
        "nauc_precision_at_5_std": 0.30607197546857223,
        "nauc_recall_at_1000_diff1": -0.0003224081022331409,
        "nauc_recall_at_1000_max": 0.26000118689434226,
        "nauc_recall_at_1000_std": 0.26831561564488854,
        "nauc_recall_at_100_diff1": 0.09130700025987684,
        "nauc_recall_at_100_max": 0.2403174353420865,
        "nauc_recall_at_100_std": 0.19019655181428388,
        "nauc_recall_at_10_diff1": 0.1198213283177444,
        "nauc_recall_at_10_max": 0.14267450999696485,
        "nauc_recall_at_10_std": 0.023702234178301612,
        "nauc_recall_at_1_diff1": 0.2662911260155261,
        "nauc_recall_at_1_max": 0.048713429029998236,
        "nauc_recall_at_1_std": -0.12112276410657472,
        "nauc_recall_at_20_diff1": 0.09589903236094513,
        "nauc_recall_at_20_max": 0.1818110647347585,
        "nauc_recall_at_20_std": 0.07227675150564913,
        "nauc_recall_at_3_diff1": 0.21417060118661577,
        "nauc_recall_at_3_max": 0.14057414837101564,
        "nauc_recall_at_3_std": -0.015468584164391237,
        "nauc_recall_at_5_diff1": 0.17865258668066192,
        "nauc_recall_at_5_max": 0.1713988101574163,
        "nauc_recall_at_5_std": 0.017203951174370225,
        "ndcg_at_1": 0.38854,
        "ndcg_at_10": 0.30281,
        "ndcg_at_100": 0.28232,
        "ndcg_at_1000": 0.3724,
        "ndcg_at_20": 0.28438,
        "ndcg_at_3": 0.34958,
        "ndcg_at_5": 0.328,
        "precision_at_1": 0.40557,
        "precision_at_10": 0.22941,
        "precision_at_100": 0.0761,
        "precision_at_1000": 0.02048,
        "precision_at_20": 0.17152,
        "precision_at_3": 0.33437,
        "precision_at_5": 0.28793,
        "recall_at_1": 0.04304,
        "recall_at_10": 0.1523,
        "recall_at_100": 0.29582,
        "recall_at_1000": 0.62262,
        "recall_at_20": 0.19036,
        "recall_at_3": 0.08246,
        "recall_at_5": 0.10958
      }
    ]
  },
  "task_name": "NFCorpus"
}