{
  "dataset_revision": "0228b52cf27578f30900b9e5271d331663a030d7",
  "evaluation_time": 5.343432664871216,
  "kg_co2_emissions": null,
  "mteb_version": "1.14.10",
  "scores": {
    "test": [
      {
        "hf_subset": "default",
        "languages": [
          "eng-Latn"
        ],
        "main_score": 0.63493,
        "map_at_1": 0.47344,
        "map_at_10": 0.58466,
        "map_at_100": 0.59138,
        "map_at_1000": 0.59178,
        "map_at_20": 0.58888,
        "map_at_3": 0.55445,
        "map_at_5": 0.57438,
        "mrr_at_1": 0.49666666666666665,
        "mrr_at_10": 0.5949867724867723,
        "mrr_at_100": 0.6008642636670062,
        "mrr_at_1000": 0.6011964494041386,
        "mrr_at_20": 0.5988033196307189,
        "mrr_at_3": 0.5727777777777778,
        "mrr_at_5": 0.5876111111111111,
        "nauc_map_at_1000_diff1": 0.6750990593452623,
        "nauc_map_at_1000_max": 0.4052262136850478,
        "nauc_map_at_1000_std": -0.002467859142494318,
        "nauc_map_at_100_diff1": 0.675102321281102,
        "nauc_map_at_100_max": 0.4056695363393033,
        "nauc_map_at_100_std": -0.0018168270541591182,
        "nauc_map_at_10_diff1": 0.6723555797965564,
        "nauc_map_at_10_max": 0.40290516240342933,
        "nauc_map_at_10_std": -0.003593342265251928,
        "nauc_map_at_1_diff1": 0.7212029529918997,
        "nauc_map_at_1_max": 0.34966600692907823,
        "nauc_map_at_1_std": -0.09711564173623302,
        "nauc_map_at_20_diff1": 0.6736460716514087,
        "nauc_map_at_20_max": 0.405641583404993,
        "nauc_map_at_20_std": -0.003622913469708882,
        "nauc_map_at_3_diff1": 0.6750500693890629,
        "nauc_map_at_3_max": 0.37818396949878497,
        "nauc_map_at_3_std": -0.0570136562772221,
        "nauc_map_at_5_diff1": 0.6707877933918447,
        "nauc_map_at_5_max": 0.39822354289084017,
        "nauc_map_at_5_std": -0.013086329031469345,
        "nauc_mrr_at_1000_diff1": 0.6773738616447863,
        "nauc_mrr_at_1000_max": 0.4060837160782053,
        "nauc_mrr_at_1000_std": 0.028145725264099142,
        "nauc_mrr_at_100_diff1": 0.6773338849245512,
        "nauc_mrr_at_100_max": 0.40645913660074573,
        "nauc_mrr_at_100_std": 0.02860793773206466,
        "nauc_mrr_at_10_diff1": 0.6744979167921707,
        "nauc_mrr_at_10_max": 0.4035646359104284,
        "nauc_mrr_at_10_std": 0.03036178957292863,
        "nauc_mrr_at_1_diff1": 0.7235607529290679,
        "nauc_mrr_at_1_max": 0.36708619289925587,
        "nauc_mrr_at_1_std": -0.03708747942665255,
        "nauc_mrr_at_20_diff1": 0.6758523364407832,
        "nauc_mrr_at_20_max": 0.40630905622935454,
        "nauc_mrr_at_20_std": 0.027586928361941387,
        "nauc_mrr_at_3_diff1": 0.6811670057077556,
        "nauc_mrr_at_3_max": 0.39611567003757225,
        "nauc_mrr_at_3_std": 0.0010029006096234534,
        "nauc_mrr_at_5_diff1": 0.674412457565461,
        "nauc_mrr_at_5_max": 0.40575530988174874,
        "nauc_mrr_at_5_std": 0.03143864070109344,
        "nauc_ndcg_at_1000_diff1": 0.6679396209769611,
        "nauc_ndcg_at_1000_max": 0.4179405901236002,
        "nauc_ndcg_at_1000_std": 0.0345219866665579,
        "nauc_ndcg_at_100_diff1": 0.6661770618200499,
        "nauc_ndcg_at_100_max": 0.4295459025509117,
        "nauc_ndcg_at_100_std": 0.05082183315680835,
        "nauc_ndcg_at_10_diff1": 0.6530255684665711,
        "nauc_ndcg_at_10_max": 0.4173555135859778,
        "nauc_ndcg_at_10_std": 0.044046524816399917,
        "nauc_ndcg_at_1_diff1": 0.7235607529290679,
        "nauc_ndcg_at_1_max": 0.36708619289925587,
        "nauc_ndcg_at_1_std": -0.03708747942665255,
        "nauc_ndcg_at_20_diff1": 0.6578036716017839,
        "nauc_ndcg_at_20_max": 0.4290918835845967,
        "nauc_ndcg_at_20_std": 0.041533647012225776,
        "nauc_ndcg_at_3_diff1": 0.6625557856576175,
        "nauc_ndcg_at_3_max": 0.39196900218400726,
        "nauc_ndcg_at_3_std": -0.027363530514091006,
        "nauc_ndcg_at_5_diff1": 0.6517742682105838,
        "nauc_ndcg_at_5_max": 0.41487261507862805,
        "nauc_ndcg_at_5_std": 0.03327312289239604,
        "nauc_precision_at_1000_diff1": -0.14354738467090317,
        "nauc_precision_at_1000_max": 0.14056015557649568,
        "nauc_precision_at_1000_std": 0.5081296738106227,
        "nauc_precision_at_100_diff1": 0.05360076489511863,
        "nauc_precision_at_100_max": 0.30431521285530966,
        "nauc_precision_at_100_std": 0.5274923801021628,
        "nauc_precision_at_10_diff1": 0.2594067957186351,
        "nauc_precision_at_10_max": 0.3757915192322096,
        "nauc_precision_at_10_std": 0.3830093814582901,
        "nauc_precision_at_1_diff1": 0.7235607529290679,
        "nauc_precision_at_1_max": 0.36708619289925587,
        "nauc_precision_at_1_std": -0.03708747942665255,
        "nauc_precision_at_20_diff1": 0.19474106094872665,
        "nauc_precision_at_20_max": 0.3926789003082263,
        "nauc_precision_at_20_std": 0.42589676791388714,
        "nauc_precision_at_3_diff1": 0.494216324836933,
        "nauc_precision_at_3_max": 0.3942923215359722,
        "nauc_precision_at_3_std": 0.1404633467454295,
        "nauc_precision_at_5_diff1": 0.3585564714949546,
        "nauc_precision_at_5_max": 0.4196139232804351,
        "nauc_precision_at_5_std": 0.3340875185353788,
        "nauc_recall_at_1000_diff1": 0.7117180205415388,
        "nauc_recall_at_1000_max": 0.07936507936508372,
        "nauc_recall_at_1000_std": 0.554154995331476,
        "nauc_recall_at_100_diff1": 0.6157142857142844,
        "nauc_recall_at_100_max": 0.6609056956115767,
        "nauc_recall_at_100_std": 0.45737628384687157,
        "nauc_recall_at_10_diff1": 0.5605579271319365,
        "nauc_recall_at_10_max": 0.4620157465883665,
        "nauc_recall_at_10_std": 0.19367692765885924,
        "nauc_recall_at_1_diff1": 0.7212029529918997,
        "nauc_recall_at_1_max": 0.34966600692907823,
        "nauc_recall_at_1_std": -0.09711564173623302,
        "nauc_recall_at_20_diff1": 0.5672038730124201,
        "nauc_recall_at_20_max": 0.5458522025524901,
        "nauc_recall_at_20_std": 0.2046002703185566,
        "nauc_recall_at_3_diff1": 0.6085302259410207,
        "nauc_recall_at_3_max": 0.3858337569426185,
        "nauc_recall_at_3_std": -0.03190072101459286,
        "nauc_recall_at_5_diff1": 0.5651321782042353,
        "nauc_recall_at_5_max": 0.45043379113781806,
        "nauc_recall_at_5_std": 0.14518631311757532,
        "ndcg_at_1": 0.49667,
        "ndcg_at_10": 0.63493,
        "ndcg_at_100": 0.66579,
        "ndcg_at_1000": 0.67565,
        "ndcg_at_20": 0.64929,
        "ndcg_at_3": 0.58487,
        "ndcg_at_5": 0.6141,
        "precision_at_1": 0.49667,
        "precision_at_10": 0.08767,
        "precision_at_100": 0.01043,
        "precision_at_1000": 0.00112,
        "precision_at_20": 0.047,
        "precision_at_3": 0.23444,
        "precision_at_5": 0.15933,
        "recall_at_1": 0.47344,
        "recall_at_10": 0.77667,
        "recall_at_100": 0.91667,
        "recall_at_1000": 0.99333,
        "recall_at_20": 0.83067,
        "recall_at_3": 0.64661,
        "recall_at_5": 0.71728
      }
    ]
  },
  "task_name": "SciFact"
}