{
  "dataset_revision": "ec0fa4fe99da2ff19ca1214b7966684033a58814",
  "evaluation_time": 342.4178864955902,
  "kg_co2_emissions": null,
  "mteb_version": "1.14.10",
  "scores": {
    "test": [
      {
        "hf_subset": "default",
        "languages": [
          "eng-Latn"
        ],
        "main_score": 0.29532,
        "map_at_1": 0.03574,
        "map_at_10": 0.09779,
        "map_at_100": 0.13038,
        "map_at_1000": 0.14577,
        "map_at_20": 0.11082,
        "map_at_3": 0.0653,
        "map_at_5": 0.07987,
        "mrr_at_1": 0.38699690402476783,
        "mrr_at_10": 0.4819241731780431,
        "mrr_at_100": 0.48899094148640027,
        "mrr_at_1000": 0.4894043538077712,
        "mrr_at_20": 0.4861717039293504,
        "mrr_at_3": 0.46336429308565535,
        "mrr_at_5": 0.4743550051599587,
        "nauc_map_at_1000_diff1": 0.10629284788696272,
        "nauc_map_at_1000_max": 0.3295588364820788,
        "nauc_map_at_1000_std": 0.24674038768460613,
        "nauc_map_at_100_diff1": 0.11545423147583996,
        "nauc_map_at_100_max": 0.31762856227810643,
        "nauc_map_at_100_std": 0.19416014746146165,
        "nauc_map_at_10_diff1": 0.15320068360953015,
        "nauc_map_at_10_max": 0.2529640866095517,
        "nauc_map_at_10_std": 0.058782602044820886,
        "nauc_map_at_1_diff1": 0.29635909677546207,
        "nauc_map_at_1_max": 0.1324785324625955,
        "nauc_map_at_1_std": -0.09853261722470803,
        "nauc_map_at_20_diff1": 0.13399161934229106,
        "nauc_map_at_20_max": 0.2849630062758838,
        "nauc_map_at_20_std": 0.11425793096837011,
        "nauc_map_at_3_diff1": 0.2112488431575019,
        "nauc_map_at_3_max": 0.1662135930066872,
        "nauc_map_at_3_std": -0.03630304719785037,
        "nauc_map_at_5_diff1": 0.18840414254503696,
        "nauc_map_at_5_max": 0.19727551718030092,
        "nauc_map_at_5_std": -0.013416115607790388,
        "nauc_mrr_at_1000_diff1": 0.27769359841097024,
        "nauc_mrr_at_1000_max": 0.41174638963243354,
        "nauc_mrr_at_1000_std": 0.22491727327964015,
        "nauc_mrr_at_100_diff1": 0.27770295636633907,
        "nauc_mrr_at_100_max": 0.4118819969406357,
        "nauc_mrr_at_100_std": 0.22508947914196148,
        "nauc_mrr_at_10_diff1": 0.27685499152967014,
        "nauc_mrr_at_10_max": 0.4094914463998925,
        "nauc_mrr_at_10_std": 0.21955173614545762,
        "nauc_mrr_at_1_diff1": 0.3004680628484792,
        "nauc_mrr_at_1_max": 0.35579662895227737,
        "nauc_mrr_at_1_std": 0.16010698833482181,
        "nauc_mrr_at_20_diff1": 0.2763032977265971,
        "nauc_mrr_at_20_max": 0.41265172968012065,
        "nauc_mrr_at_20_std": 0.2254602508313217,
        "nauc_mrr_at_3_diff1": 0.27631295436383846,
        "nauc_mrr_at_3_max": 0.38901674571529676,
        "nauc_mrr_at_3_std": 0.2030630744341909,
        "nauc_mrr_at_5_diff1": 0.27907556736414113,
        "nauc_mrr_at_5_max": 0.4073645758943195,
        "nauc_mrr_at_5_std": 0.21578682837452304,
        "nauc_ndcg_at_1000_diff1": 0.15523553045129926,
        "nauc_ndcg_at_1000_max": 0.47490761732223474,
        "nauc_ndcg_at_1000_std": 0.4014071351740349,
        "nauc_ndcg_at_100_diff1": 0.12449153153169397,
        "nauc_ndcg_at_100_max": 0.3999419900678669,
        "nauc_ndcg_at_100_std": 0.31578515190184486,
        "nauc_ndcg_at_10_diff1": 0.12033915080081883,
        "nauc_ndcg_at_10_max": 0.37978652372842725,
        "nauc_ndcg_at_10_std": 0.2888876687655189,
        "nauc_ndcg_at_1_diff1": 0.3125706674555853,
        "nauc_ndcg_at_1_max": 0.3304136562559955,
        "nauc_ndcg_at_1_std": 0.13863710060697115,
        "nauc_ndcg_at_20_diff1": 0.10049562186838273,
        "nauc_ndcg_at_20_max": 0.36403417980838315,
        "nauc_ndcg_at_20_std": 0.30683442188662646,
        "nauc_ndcg_at_3_diff1": 0.1765469643955044,
        "nauc_ndcg_at_3_max": 0.33897981799142884,
        "nauc_ndcg_at_3_std": 0.21620263510486196,
        "nauc_ndcg_at_5_diff1": 0.14949875134862115,
        "nauc_ndcg_at_5_max": 0.36630465993473865,
        "nauc_ndcg_at_5_std": 0.24749823799577814,
        "nauc_precision_at_1000_diff1": -0.12432537701385842,
        "nauc_precision_at_1000_max": 0.06305229972163737,
        "nauc_precision_at_1000_std": 0.3908639218402325,
        "nauc_precision_at_100_diff1": -0.10398641650595149,
        "nauc_precision_at_100_max": 0.20999910876853753,
        "nauc_precision_at_100_std": 0.4854921837481544,
        "nauc_precision_at_10_diff1": 0.012988910560011491,
        "nauc_precision_at_10_max": 0.39615640108867345,
        "nauc_precision_at_10_std": 0.40408499377659207,
        "nauc_precision_at_1_diff1": 0.30950527470450956,
        "nauc_precision_at_1_max": 0.35940078027393974,
        "nauc_precision_at_1_std": 0.14537194269715534,
        "nauc_precision_at_20_diff1": -0.048381338321561315,
        "nauc_precision_at_20_max": 0.32533436073679683,
        "nauc_precision_at_20_std": 0.45076314458893546,
        "nauc_precision_at_3_diff1": 0.10979463351618085,
        "nauc_precision_at_3_max": 0.36876056945332913,
        "nauc_precision_at_3_std": 0.27863035176771456,
        "nauc_precision_at_5_diff1": 0.06858585243694731,
        "nauc_precision_at_5_max": 0.39839976831113166,
        "nauc_precision_at_5_std": 0.324199218959018,
        "nauc_recall_at_1000_diff1": 0.093960182181799,
        "nauc_recall_at_1000_max": 0.32094187499216276,
        "nauc_recall_at_1000_std": 0.3259571619081714,
        "nauc_recall_at_100_diff1": 0.06083209049828963,
        "nauc_recall_at_100_max": 0.2909805033070578,
        "nauc_recall_at_100_std": 0.20572495339145636,
        "nauc_recall_at_10_diff1": 0.0865207377754549,
        "nauc_recall_at_10_max": 0.20819327395933437,
        "nauc_recall_at_10_std": 0.06254660623822988,
        "nauc_recall_at_1_diff1": 0.29635909677546207,
        "nauc_recall_at_1_max": 0.1324785324625955,
        "nauc_recall_at_1_std": -0.09853261722470803,
        "nauc_recall_at_20_diff1": 0.0757966514313618,
        "nauc_recall_at_20_max": 0.22927715077936575,
        "nauc_recall_at_20_std": 0.11254997704156124,
        "nauc_recall_at_3_diff1": 0.17042979374386044,
        "nauc_recall_at_3_max": 0.1447385168599417,
        "nauc_recall_at_3_std": -0.031868798588528945,
        "nauc_recall_at_5_diff1": 0.1498877256934244,
        "nauc_recall_at_5_max": 0.17781303119071515,
        "nauc_recall_at_5_std": -0.012999497275206691,
        "ndcg_at_1": 0.36687,
        "ndcg_at_10": 0.29532,
        "ndcg_at_100": 0.27981,
        "ndcg_at_1000": 0.37065,
        "ndcg_at_20": 0.27879,
        "ndcg_at_3": 0.33548,
        "ndcg_at_5": 0.31967,
        "precision_at_1": 0.3839,
        "precision_at_10": 0.23127,
        "precision_at_100": 0.07851,
        "precision_at_1000": 0.02117,
        "precision_at_20": 0.17554,
        "precision_at_3": 0.32508,
        "precision_at_5": 0.28916,
        "recall_at_1": 0.03574,
        "recall_at_10": 0.14233,
        "recall_at_100": 0.29738,
        "recall_at_1000": 0.62142,
        "recall_at_20": 0.18069,
        "recall_at_3": 0.07645,
        "recall_at_5": 0.10212
      }
    ]
  },
  "task_name": "NFCorpus"
}