{
  "dataset_revision": "ec0fa4fe99da2ff19ca1214b7966684033a58814",
  "evaluation_time": 341.00582218170166,
  "kg_co2_emissions": null,
  "mteb_version": "1.14.10",
  "scores": {
    "test": [
      {
        "hf_subset": "default",
        "languages": [
          "eng-Latn"
        ],
        "main_score": 0.30554,
        "map_at_1": 0.04038,
        "map_at_10": 0.10483,
        "map_at_100": 0.13762,
        "map_at_1000": 0.15283,
        "map_at_20": 0.11726,
        "map_at_3": 0.07218,
        "map_at_5": 0.08604,
        "mrr_at_1": 0.4117647058823529,
        "mrr_at_10": 0.4992653201631528,
        "mrr_at_100": 0.5058907691223692,
        "mrr_at_1000": 0.5062618991472315,
        "mrr_at_20": 0.5029072117388883,
        "mrr_at_3": 0.47936016511867907,
        "mrr_at_5": 0.49267285861713095,
        "nauc_map_at_1000_diff1": 0.11069290163661905,
        "nauc_map_at_1000_max": 0.32550132249218033,
        "nauc_map_at_1000_std": 0.22336922376177798,
        "nauc_map_at_100_diff1": 0.1249059462913359,
        "nauc_map_at_100_max": 0.31605556881081726,
        "nauc_map_at_100_std": 0.17518463118876465,
        "nauc_map_at_10_diff1": 0.16971902102958522,
        "nauc_map_at_10_max": 0.2567539835322367,
        "nauc_map_at_10_std": 0.04007467621246432,
        "nauc_map_at_1_diff1": 0.24783408473599816,
        "nauc_map_at_1_max": 0.11452339310648947,
        "nauc_map_at_1_std": -0.11549931729736519,
        "nauc_map_at_20_diff1": 0.1470127559248759,
        "nauc_map_at_20_max": 0.2856207718376029,
        "nauc_map_at_20_std": 0.09186281406245748,
        "nauc_map_at_3_diff1": 0.2358316282538707,
        "nauc_map_at_3_max": 0.16251171442445933,
        "nauc_map_at_3_std": -0.05765274681761149,
        "nauc_map_at_5_diff1": 0.20745872811225333,
        "nauc_map_at_5_max": 0.1998412168185451,
        "nauc_map_at_5_std": -0.02642357216711914,
        "nauc_mrr_at_1000_diff1": 0.2671493169907421,
        "nauc_mrr_at_1000_max": 0.4431117323553153,
        "nauc_mrr_at_1000_std": 0.23220064843866822,
        "nauc_mrr_at_100_diff1": 0.26714479032105437,
        "nauc_mrr_at_100_max": 0.44329979594232666,
        "nauc_mrr_at_100_std": 0.2325243966472447,
        "nauc_mrr_at_10_diff1": 0.26780571320427954,
        "nauc_mrr_at_10_max": 0.44284940703191245,
        "nauc_mrr_at_10_std": 0.22741317451410273,
        "nauc_mrr_at_1_diff1": 0.26103143924881866,
        "nauc_mrr_at_1_max": 0.3782923934780127,
        "nauc_mrr_at_1_std": 0.1534650450460138,
        "nauc_mrr_at_20_diff1": 0.2680779507778602,
        "nauc_mrr_at_20_max": 0.4430078997152592,
        "nauc_mrr_at_20_std": 0.23150944556313077,
        "nauc_mrr_at_3_diff1": 0.2656995654274391,
        "nauc_mrr_at_3_max": 0.4224474757577846,
        "nauc_mrr_at_3_std": 0.20360008654613654,
        "nauc_mrr_at_5_diff1": 0.27147210251620796,
        "nauc_mrr_at_5_max": 0.44007200863726526,
        "nauc_mrr_at_5_std": 0.2222752085151082,
        "nauc_ndcg_at_1000_diff1": 0.1591125856848254,
        "nauc_ndcg_at_1000_max": 0.48410750973099403,
        "nauc_ndcg_at_1000_std": 0.3963566610301407,
        "nauc_ndcg_at_100_diff1": 0.1344008903940366,
        "nauc_ndcg_at_100_max": 0.4153452744743966,
        "nauc_ndcg_at_100_std": 0.31694485009012363,
        "nauc_ndcg_at_10_diff1": 0.12377678349614339,
        "nauc_ndcg_at_10_max": 0.39284498111596905,
        "nauc_ndcg_at_10_std": 0.28723679560843485,
        "nauc_ndcg_at_1_diff1": 0.2764063242676391,
        "nauc_ndcg_at_1_max": 0.3527105715484593,
        "nauc_ndcg_at_1_std": 0.13868787391681964,
        "nauc_ndcg_at_20_diff1": 0.10528186583597544,
        "nauc_ndcg_at_20_max": 0.37327229031160114,
        "nauc_ndcg_at_20_std": 0.3004653171033887,
        "nauc_ndcg_at_3_diff1": 0.17833348774212515,
        "nauc_ndcg_at_3_max": 0.3593919897419667,
        "nauc_ndcg_at_3_std": 0.2130010876505389,
        "nauc_ndcg_at_5_diff1": 0.1534874106273153,
        "nauc_ndcg_at_5_max": 0.3806983590053705,
        "nauc_ndcg_at_5_std": 0.24507696534755782,
        "nauc_precision_at_1000_diff1": -0.15487054299929356,
        "nauc_precision_at_1000_max": 0.05464004355644935,
        "nauc_precision_at_1000_std": 0.38213720213531904,
        "nauc_precision_at_100_diff1": -0.12693312373236038,
        "nauc_precision_at_100_max": 0.2067558260091701,
        "nauc_precision_at_100_std": 0.4888506541842224,
        "nauc_precision_at_10_diff1": 0.0031638624341653377,
        "nauc_precision_at_10_max": 0.40580849450498585,
        "nauc_precision_at_10_std": 0.40411369678571746,
        "nauc_precision_at_1_diff1": 0.2693142372749046,
        "nauc_precision_at_1_max": 0.3809610663765171,
        "nauc_precision_at_1_std": 0.13839598451894713,
        "nauc_precision_at_20_diff1": -0.0660243930944777,
        "nauc_precision_at_20_max": 0.3251692186086068,
        "nauc_precision_at_20_std": 0.4411102974245367,
        "nauc_precision_at_3_diff1": 0.12485103164651762,
        "nauc_precision_at_3_max": 0.38791878531466106,
        "nauc_precision_at_3_std": 0.2658907994868227,
        "nauc_precision_at_5_diff1": 0.06965655765896438,
        "nauc_precision_at_5_max": 0.4107210846696803,
        "nauc_precision_at_5_std": 0.3267254431883944,
        "nauc_recall_at_1000_diff1": 0.13951646628471542,
        "nauc_recall_at_1000_max": 0.3323226265933599,
        "nauc_recall_at_1000_std": 0.32681828617998465,
        "nauc_recall_at_100_diff1": 0.10684921951015051,
        "nauc_recall_at_100_max": 0.3168660150728438,
        "nauc_recall_at_100_std": 0.2251147065021338,
        "nauc_recall_at_10_diff1": 0.11997203741568137,
        "nauc_recall_at_10_max": 0.2242848283301019,
        "nauc_recall_at_10_std": 0.04702415011003939,
        "nauc_recall_at_1_diff1": 0.24783408473599816,
        "nauc_recall_at_1_max": 0.11452339310648947,
        "nauc_recall_at_1_std": -0.11549931729736519,
        "nauc_recall_at_20_diff1": 0.10758337585980755,
        "nauc_recall_at_20_max": 0.24440907287549474,
        "nauc_recall_at_20_std": 0.10617488059709425,
        "nauc_recall_at_3_diff1": 0.22962786086485285,
        "nauc_recall_at_3_max": 0.15039148866655774,
        "nauc_recall_at_3_std": -0.05359817079300157,
        "nauc_recall_at_5_diff1": 0.1979531232150687,
        "nauc_recall_at_5_max": 0.19573562487451507,
        "nauc_recall_at_5_std": -0.016644547207060344,
        "ndcg_at_1": 0.39009,
        "ndcg_at_10": 0.30554,
        "ndcg_at_100": 0.28735,
        "ndcg_at_1000": 0.37696,
        "ndcg_at_20": 0.28597,
        "ndcg_at_3": 0.35174,
        "ndcg_at_5": 0.32887,
        "precision_at_1": 0.40867,
        "precision_at_10": 0.23498,
        "precision_at_100": 0.07907,
        "precision_at_1000": 0.02107,
        "precision_at_20": 0.17601,
        "precision_at_3": 0.33643,
        "precision_at_5": 0.29164,
        "recall_at_1": 0.04038,
        "recall_at_10": 0.14862,
        "recall_at_100": 0.29885,
        "recall_at_1000": 0.61907,
        "recall_at_20": 0.18177,
        "recall_at_3": 0.08279,
        "recall_at_5": 0.10648
      }
    ]
  },
  "task_name": "NFCorpus"
}